year,BIOMASS,COAL_CONV,LI_BATTERY,NATGAS_CONV,NUCLEAR_CONV,SOLAR_FARM,WIND_FARM
2025,0.0,7.5059,1.4234404999999999,16.3716,12.42,0.2672,9.606661899999999
2030,2.7146166,5.04524,27.024179,16.3327,12.42,38.767026,17.138150000000003
2035,2.7146166,2.81574,30.237208,15.903979999999999,12.42,43.376248,18.999333999999998
2040,2.7146166,2.4444,33.437943,5.02332,12.42,47.95854,20.910216000000002
2045,2.7146166,2.35704,36.625594,0.6888,12.42,52.512175000000006,22.873983
2050,2.7146166,2.2556,39.813245,0.6888,12.42,57.065811000000004,24.837749
2025,0.0,7.5059,1.0431716,16.3716,12.42,0.2672,8.554619800000001
2030,3.8268516,5.04524,23.748712,16.3327,12.42,32.4437,17.927436
2035,3.8268516,2.81574,26.240076000000002,15.903979999999999,12.42,36.486095,20.387998
2040,3.8268516,2.4444,29.255194,5.02332,12.42,40.211808,22.697625
2045,3.8268516,2.35704,32.29065,0.6888,12.42,43.906497,25.055053
2050,3.8268516,2.2556,35.331663,0.6888,12.42,47.783583,27.266479
2025,0.0,7.5059,1.1051568,16.3716,12.42,0.2672,8.748531999999999
2030,7.4778322,5.04524,18.324109,16.3327,12.42,17.368205999999997,20.010413
2035,7.4875953,2.81574,21.011648,15.903979999999999,12.42,20.214089,23.53942
2040,7.4875953,2.4444,24.337895,5.02332,12.42,23.446813,26.473264999999998
2045,7.4875953,2.35704,27.6817,0.6888,12.42,26.457237,29.481076
2050,7.4875953,2.2556,31.328838,0.6888,12.42,29.676527999999998,32.188907
2025,0.0,7.5059,1.3517263,16.3716,12.42,0.2672,8.680703
2030,4.6477844,5.04524,24.228696,16.3327,12.42,32.881293,15.821007
2035,4.6477844,2.81574,27.264461,15.903979999999999,12.42,38.455707000000004,17.358766
2040,4.6477844,2.4444,30.900167,5.02332,12.42,43.53354,18.756017
2045,4.6477844,2.35704,34.773141,0.6888,12.42,48.147543,20.274142
2050,4.6477844,2.2556,38.284279000000005,0.6888,12.42,53.467055,21.609145
2025,0.0,7.5059,1.5205499,16.3716,12.42,0.2672,8.5419597
2030,7.2058863,5.04524,20.458848999999997,16.3327,12.42,27.740821,15.505837999999999
2035,7.2058863,2.81574,23.719952000000003,15.903979999999999,12.42,32.258085,18.031192
2040,7.5275134,2.4444,26.690662,5.02332,12.42,35.729510000000005,20.050297999999998
2045,7.5275134,2.35704,30.284741999999998,0.6888,12.42,40.012499000000005,22.524283
2050,7.5275134,2.2556,33.726665999999994,0.6888,12.42,44.425275,25.016956999999998
2025,0.0,7.5059,1.0763619000000002,16.3716,12.42,0.2672,8.88823
2030,3.260941,5.04524,25.830873,16.3327,12.42,37.969809,15.804889
2035,3.260941,2.81574,28.978205999999997,15.903979999999999,12.42,42.626180999999995,17.707269
2040,3.260941,2.4444,32.125539,5.02332,12.42,47.282553,19.609649
2045,3.260941,2.35704,35.272872,0.6888,12.42,51.938925000000005,21.512029
2050,3.260941,2.2556,38.477343999999995,0.6888,12.42,56.560498,23.39885
2025,0.0,7.5059,1.4819042,16.3716,12.42,0.2672,9.5488493
2030,4.2840449,5.04524,25.545624,16.3327,12.42,42.885469,13.729372999999999
2035,4.2840449,2.81574,28.867074,15.903979999999999,12.42,48.398201,15.529939
2040,4.2840449,2.4444,32.188524,5.02332,12.42,53.910933,17.330506
2045,4.2840449,2.35704,35.509974,0.6888,12.42,59.423665,19.131072
2050,4.2840449,2.2556,38.831424,0.6888,12.42,64.936397,20.931639
2025,0.0,7.5059,1.3614837,16.3716,12.42,0.2672,8.2971238
2030,6.0111794,5.04524,22.405548,16.3327,12.42,38.099142,12.553125
2035,6.0111794,2.81574,26.142843,15.903979999999999,12.42,43.344874000000004,14.397935
2040,6.0111794,2.4444,30.149683,5.02332,12.42,48.337914,16.217378
2045,6.0111794,2.35704,35.010216,0.6888,12.42,52.530636,17.95648
2050,6.0111794,2.2556,38.889413999999995,0.6888,12.42,57.643337,19.787935
2025,0.0,7.5059,1.4024933000000002,16.3716,12.42,0.2672,9.038846900000001
2030,4.5177401,5.04524,23.558339,16.3327,12.42,32.538178,16.545097000000002
2035,4.5177401,2.81574,26.655706,15.903979999999999,12.42,36.859576000000004,18.798242
2040,4.5177401,2.4444,29.758264999999998,5.02332,12.42,41.20666000000001,21.022108
2045,4.5177401,2.35704,32.864436999999995,0.6888,12.42,45.571623,23.225597
2050,4.5177401,2.2556,35.990826999999996,0.6888,12.42,50.036636,25.315051
2025,0.0,7.5059,1.5205499,16.3716,12.42,0.2672,8.7613575
2030,3.4754147,5.04524,24.583721,16.3327,12.42,29.798441999999998,19.373136
2035,3.4754147,2.81574,27.506022,15.903979999999999,12.42,33.493601999999996,21.757402
2040,3.4754147,2.4444,30.466852,5.02332,12.42,37.163296,24.139802
2045,3.4754147,2.35704,33.506108,0.6888,12.42,40.780841,26.519437999999997
2050,3.4754147,2.2556,36.571760999999995,0.6888,12.42,44.381474000000004,28.896035
2025,0.0,7.5059,1.3325067,16.3716,12.42,0.2672,9.3067318
2030,6.2137401,5.04524,21.177748,16.3327,12.42,23.773686,18.191423
2035,6.410761000000001,2.81574,24.020967,15.903979999999999,12.42,26.952866999999998,20.688592
2040,6.410761000000001,2.4444,27.225355,5.02332,12.42,30.534987,23.507609
2045,6.410761000000001,2.35704,30.429637,0.6888,12.42,34.116964,26.327275
2050,6.410761000000001,2.2556,33.633919999999996,0.6888,12.42,37.69894,29.146942
2025,0.0,7.5059,1.4202621999999998,16.3716,12.42,0.2672,9.6169254
2030,4.4884013000000005,5.04524,22.981233,16.3327,12.42,32.115384,18.619652
2035,4.4884013000000005,2.81574,26.152295,15.903979999999999,12.42,36.308944000000004,21.062373
2040,4.4884013000000005,2.4444,29.374678,5.02332,12.42,40.467743999999996,23.488310000000002
2045,4.4884013000000005,2.35704,32.543869,0.6888,12.42,44.66257100000001,25.931642
2050,4.4884013000000005,2.2556,35.713061,0.6888,12.42,48.857397,28.374975
2025,0.0,7.5059,1.0428108,16.3716,12.42,0.2672,8.5609382
2030,5.0185977,5.04524,24.364697,16.3327,12.42,32.966432999999995,15.579655
2035,5.0185977,2.81574,26.808726,15.903979999999999,12.42,37.306384,18.360665
2040,5.0185977,2.4444,29.47943,5.02332,12.42,41.781662,20.856422
2045,5.0185977,2.35704,32.977069,0.6888,12.42,45.694463000000006,23.064988
2050,5.0185977,2.2556,36.119886,0.6888,12.42,50.056362,25.301531999999998
2025,0.0,7.5059,1.1097801,16.3716,12.42,0.2672,8.7544849
2030,6.3585528,5.04524,20.319776,16.3327,12.42,22.841015,19.183901000000002
2035,6.3585528,2.81574,23.24223,15.903979999999999,12.42,26.447484,22.07531
2040,6.3585528,2.4444,26.362643,5.02332,12.42,30.069483,24.808373
2045,6.3585528,2.35704,29.691799,0.6888,12.42,33.589354,27.457099
2050,6.3585528,2.2556,32.80798,0.6888,12.42,37.171258,30.240544999999997
2025,0.0,7.5059,1.348479,16.3716,12.42,0.2672,8.689589900000001
2030,5.3360209,5.04524,24.01271,16.3327,12.42,34.625208,14.697458000000001
2035,5.3360209,2.81574,27.068241,15.903979999999999,12.42,39.805127,16.907906
2040,5.3360209,2.4444,30.539416000000003,5.02332,12.42,44.647529000000006,18.98883
2045,5.3360209,2.35704,33.928940000000004,0.6888,12.42,49.557610000000004,21.094405
2050,5.3360209,2.2556,37.938466999999996,0.6888,12.42,53.953784,23.0128
2025,0.0,7.5059,1.5174754000000001,16.3716,12.42,0.2672,8.5509715
2030,7.8909806,5.04524,19.881413000000002,16.3327,12.42,30.001485,13.950705
2035,8.0481546,2.81574,22.982742,15.903979999999999,12.42,34.602598,16.301292
2040,8.0752416,2.4444,26.838895,5.02332,12.42,39.238684,18.665271
2045,8.0752416,2.35704,31.606279999999998,0.6888,12.42,43.191413,20.790786
2050,8.0752416,2.2556,35.806225,0.6888,12.42,47.647856,23.100452
2025,0.0,7.5059,1.0809563,16.3716,12.42,0.2672,8.8950414
2030,4.9924598,5.04524,22.417928,16.3327,12.42,37.561879,15.202297
2035,4.9924598,2.81574,25.898968,15.903979999999999,12.42,42.49486,17.183607
2040,4.9924598,2.4444,29.817507000000003,5.02332,12.42,47.079347,19.043235
2045,4.9924598,2.35704,33.730511,0.6888,12.42,51.670818,20.904034
2050,4.9924598,2.2556,37.700288,0.6888,12.42,56.215795,22.749223999999998
2025,0.0,7.5059,1.4787926,16.3716,12.42,0.2672,9.5580036
2030,5.9131388,5.04524,24.890608,16.3327,12.42,41.186991,12.174324
2035,5.9131388,2.81574,28.481378,15.903979999999999,12.42,47.195133,14.012928
2040,5.9131388,2.4444,32.197882,5.02332,12.42,53.09014,15.85332
2045,5.9131388,2.35704,36.291401,0.6888,12.42,58.581036,17.709075000000002
2050,5.9131388,2.2556,39.749504,0.6888,12.42,64.816406,19.54648
2025,0.0,7.5059,1.3582545,16.3716,12.42,0.2672,8.305191
2030,6.2618354,5.04524,23.296396,16.3327,12.42,43.223732000000005,10.090709
2035,6.2618354,2.81574,26.793683,15.903979999999999,12.42,49.796743,11.634126
2040,6.2618354,2.4444,30.922052,5.02332,12.42,55.657263,13.155850000000001
2045,6.2618354,2.35704,34.975058,0.6888,12.42,61.602633000000004,14.680539000000001
2050,6.2618354,2.2556,38.401364,0.6888,12.42,68.255739,16.226464
2025,0.0,7.5059,1.3992896000000001,16.3716,12.42,0.2672,9.048733700000001
2030,5.0848062,5.04524,22.864305,16.3327,12.42,33.823822,15.705865
2035,5.0848062,2.81574,26.028038000000002,15.903979999999999,12.42,38.43905,17.871335
2040,5.0848062,2.4444,29.19177,5.02332,12.42,43.054278,20.036804
2045,5.0848062,2.35704,32.355502,0.6888,12.42,47.669506,22.202274000000003
2050,5.0848062,2.2556,35.519048000000005,0.6888,12.42,52.283175,24.368904999999998
2025,0.0,7.5059,1.5174754000000001,16.3716,12.42,0.2672,8.7701208
2030,4.033219,5.04524,23.149155999999998,16.3327,12.42,29.414917000000003,19.052399
2035,4.033219,2.81574,26.10283,15.903979999999999,12.42,33.143716999999995,21.465713
2040,4.033219,2.4444,29.056504,5.02332,12.42,36.872517,23.879026999999997
2045,4.033219,2.35704,32.009716,0.6888,12.42,40.598839999999996,26.299946
2050,4.033219,2.2556,34.962477,0.6888,12.42,44.322755,28.728263
2025,0.0,7.5059,1.3292555,16.3716,12.42,0.2672,9.3154732
2030,6.3959237,5.04524,21.008278999999998,16.3327,12.42,25.192211,18.393392
2035,6.9407646000000005,2.81574,23.212127,15.903979999999999,12.42,27.723447,20.374727
2040,6.9407646000000005,2.4444,26.85697,5.02332,12.42,31.207141,23.081631
2045,6.9407646000000005,2.35704,30.951106,0.6888,12.42,34.441597,25.621585
2050,6.9407646000000005,2.2556,34.383435,0.6888,12.42,38.087216,28.407557
2025,0.0,7.5059,1.4205932000000001,16.3716,12.42,0.2672,9.6037626
2030,8.690515999999999,5.04524,19.803704000000003,16.3327,12.42,24.842821,15.934458000000001
2035,8.690515999999999,2.81574,24.368917,15.903979999999999,12.42,31.147959,17.077878000000002
2040,8.690515999999999,2.4444,28.946554,5.02332,12.42,37.414733999999996,18.237258999999998
2045,8.690515999999999,2.35704,33.521415999999995,0.6888,12.42,43.694098,19.391402
2050,8.690515999999999,2.2556,37.640488,0.6888,12.42,50.771758,20.464684000000002
2025,0.0,7.5059,1.0425227,16.3716,12.42,0.2672,8.550938799999999
2030,6.6126246,5.04524,22.131451000000002,16.3327,12.42,27.438551,15.45566
2035,6.763585600000001,2.81574,25.423384,15.903979999999999,12.42,31.656696,17.12763
2040,6.763585600000001,2.4444,29.037536,5.02332,12.42,35.682408,19.524321
2045,6.763585600000001,2.35704,32.966624,0.6888,12.42,39.646622,21.794254000000002
2050,6.763585600000001,2.2556,36.294962,0.6888,12.42,44.048644,24.294247
2025,0.0,7.5059,1.1060413,16.3716,12.42,0.2672,8.744027299999999
2030,4.9983328,5.04524,22.454100999999998,16.3327,12.42,30.488531,17.385416
2035,4.9983328,2.81574,25.212109,15.903979999999999,12.42,35.211854,19.641934000000003
2040,4.9983328,2.4444,29.004134999999998,5.02332,12.42,38.315613,22.273642
2045,4.9983328,2.35704,31.92289,0.6888,12.42,42.975108,24.512701
2050,4.9983328,2.2556,35.017201,0.6888,12.42,47.999552,26.348592
2025,0.0,7.5059,1.3489205,16.3716,12.42,0.2672,8.6770656
2030,4.973487100000001,5.04524,22.544145,16.3327,12.42,37.866433,14.627818
2035,4.973487100000001,2.81574,25.561799999999998,15.903979999999999,12.42,43.193957000000005,16.565256
2040,4.973487100000001,2.4444,28.500935000000002,5.02332,12.42,49.519286,17.934666
2045,4.973487100000001,2.35704,31.529276999999997,0.6888,12.42,54.711,19.949418
2050,4.973487100000001,2.2556,34.557618999999995,0.6888,12.42,59.902714,21.964169000000002
2025,0.0,7.5059,1.5176733999999998,16.3716,12.42,0.2672,8.538883599999998
2030,7.7195429,5.04524,21.270716,16.3327,12.42,30.538854999999998,13.466784
2035,8.4152457,2.81574,23.48301,15.903979999999999,12.42,33.591063000000005,14.918194999999999
2040,8.4152457,2.4444,27.629199,5.02332,12.42,38.252576999999995,17.183584
2045,8.4152457,2.35704,31.899267,0.6888,12.42,42.800281999999996,19.410277999999998
2050,8.4152457,2.2556,35.530352,0.6888,12.42,47.935025,21.836568
2025,0.0,7.5059,1.0772574,16.3716,12.42,0.2672,8.883970600000001
2030,4.867204,5.04524,23.224981,16.3327,12.42,37.838575,14.092113999999999
2035,4.9738453,2.81574,26.545716,15.903979999999999,12.42,42.388529999999996,15.816930000000001
2040,4.9738453,2.4444,30.139467,5.02332,12.42,47.232757,17.632831
2045,4.9738453,2.35704,33.61243,0.6888,12.42,52.22418,19.470984
2050,4.9738453,2.2556,37.085184999999996,0.6888,12.42,57.220119,21.308451
2025,0.0,7.5059,1.4790455999999998,16.3716,12.42,0.2672,9.544416499999999
2030,4.9582359,5.04524,23.686425,16.3327,12.42,35.170128,15.872767
2035,5.1864084,2.81574,26.511999,15.903979999999999,12.42,39.25757,17.760776
2040,5.1864084,2.4444,29.75927,5.02332,12.42,44.020413999999995,19.912596
2045,5.1864084,2.35704,33.005152,0.6888,12.42,48.778275,22.078627
2050,5.1864084,2.2556,36.252233,0.6888,12.42,53.535099,24.24463
2025,0.0,7.5059,1.3586661999999998,16.3716,12.42,0.2672,8.2940442
2030,3.7882072,5.04524,25.845318,16.3327,12.42,41.333400000000005,13.986703
2035,3.7882072,2.81574,29.086896,15.903979999999999,12.42,46.466807,15.748033
2040,3.7882072,2.4444,32.328474,5.02332,12.42,51.600214,17.509363
2045,3.7882072,2.35704,35.582958,0.6888,12.42,56.72275,19.269744
2050,3.7882072,2.2556,38.839866,0.6888,12.42,61.843243,21.029947
2025,0.0,7.5059,1.3996733,16.3716,12.42,0.2672,9.034520800000001
2030,3.6597761,5.04524,24.681527,16.3327,12.42,32.019901000000004,17.908238
2035,3.6597761,2.81574,27.709571,15.903979999999999,12.42,35.856686,20.150942999999998
2040,3.6597761,2.4444,30.781959,5.02332,12.42,39.659118,22.389602999999997
2045,3.6597761,2.35704,33.852813999999995,0.6888,12.42,43.463535,24.6337
2050,3.6597761,2.2556,36.917535,0.6888,12.42,47.287895,26.894852
2025,0.0,7.5059,1.5176733999999998,16.3716,12.42,0.2672,8.7581595
2030,2.4456748999999998,5.04524,26.330877,16.3327,12.42,38.156833,17.217316
2035,2.4456748999999998,2.81574,29.279991000000003,15.903979999999999,12.42,42.494574,19.191443
2040,2.4456748999999998,2.4444,32.229047,5.02332,12.42,46.831676,21.166539
2045,2.4456748999999998,2.35704,35.178067000000006,0.6888,12.42,51.168366999999996,23.142255000000002
2050,2.4456748999999998,2.2556,38.127047,0.6888,12.42,55.504621,25.118633000000003
2025,0.0,7.5059,1.329703,16.3716,12.42,0.2672,9.3031234
2030,6.8666051,5.04524,21.440918,16.3327,12.42,27.030697,16.337447
2035,7.4385757,2.81574,23.816363000000003,15.903979999999999,12.42,29.846194,18.096898
2040,7.4385757,2.4444,27.599069,5.02332,12.42,33.833546999999996,20.633743
2045,7.4385757,2.35704,31.103223999999997,0.6888,12.42,38.014595,23.268484
2050,7.4385757,2.2556,34.607379,0.6888,12.42,42.195643,25.903225
2025,0.0,7.5059,1.4218707,16.3716,12.42,0.2672,9.6160939
2030,6.003847700000001,5.04524,25.329216,16.3327,12.42,38.760737,11.811696
2035,6.003847700000001,2.81574,28.901578,15.903979999999999,12.42,43.993562,14.427691999999999
2040,6.003847700000001,2.4444,32.470664,5.02332,12.42,50.568415,15.821323
2045,6.003847700000001,2.35704,36.427852,0.6888,12.42,56.152982,17.652048
2050,6.003847700000001,2.2556,39.646445,0.6888,12.42,61.112574,20.945587
2025,0.0,7.5059,1.0425159000000002,16.3716,12.42,0.2672,8.5617512
2030,5.5867747,5.04524,21.032828000000002,16.3327,12.42,33.43601,15.16585
2035,5.5867747,2.81574,23.884291,15.903979999999999,12.42,38.31518,17.354868999999997
2040,5.5867747,2.4444,27.170672,5.02332,12.42,42.843939,19.526362000000002
2045,5.5867747,2.35704,30.384401,0.6888,12.42,47.498225,21.692915
2050,5.5867747,2.2556,33.845307,0.6888,12.42,51.939728,23.850432
2025,0.0,7.5059,1.1062247,16.3716,12.42,0.2672,8.7544574
2030,6.6618672,5.04524,20.568548999999997,16.3327,12.42,21.534979,18.964778
2035,6.6618672,2.81574,23.438828,15.903979999999999,12.42,25.14565,21.99633
2040,6.6618672,2.4444,26.209352,5.02332,12.42,28.806398,25.088712
2045,6.6618672,2.35704,29.827825,0.6888,12.42,32.349802,27.557359
2050,6.6618672,2.2556,33.000955000000005,0.6888,12.42,36.013278,30.366555
2025,0.0,7.5059,1.3501283000000002,16.3716,12.42,0.2672,8.687055399999998
2030,3.5412485,5.04524,24.807907,16.3327,12.42,39.925036999999996,14.588996999999999
2035,3.5412485,2.81574,27.886195999999998,15.903979999999999,12.42,44.511165,16.591839
2040,3.5412485,2.4444,30.957183,5.02332,12.42,49.946743000000005,18.021774
2045,3.5412485,2.35704,34.028731,0.6888,12.42,55.361255,19.465768
2050,3.5412485,2.2556,37.113023999999996,0.6888,12.42,60.297290999999994,21.229069
2025,0.0,7.5059,1.5190755,16.3716,12.42,0.2672,8.5493872
2030,7.4750096,5.04524,18.617562000000003,16.3327,12.42,25.463615,16.361697
2035,7.4750096,2.81574,21.497484,15.903979999999999,12.42,29.780545999999998,19.125988
2040,7.4750096,2.4444,25.084193,5.02332,12.42,33.622436,21.767606
2045,7.4750096,2.35704,28.376595000000002,0.6888,12.42,37.71276,24.453597000000002
2050,7.4750096,2.2556,31.448977,0.6888,12.42,41.972029,27.174141
2025,0.0,7.5059,1.0774035,16.3716,12.42,0.2672,8.894807199999999
2030,3.5017721,5.04524,25.659202,16.3327,12.42,35.005936,15.987734
2035,3.5017721,2.81574,28.839622,15.903979999999999,12.42,39.373489,17.945613
2040,3.5017721,2.4444,32.020041,5.02332,12.42,43.741040999999996,19.903492
2045,3.5017721,2.35704,35.200461000000004,0.6888,12.42,48.108593,21.861369999999997
2050,3.5017721,2.2556,38.38088,0.6888,12.42,52.476144999999995,23.819249
2025,0.0,7.5059,1.4803963000000002,16.3716,12.42,0.2672,9.5570952
2030,5.682115,5.04524,23.087804,16.3327,12.42,33.58118,16.004905
2035,6.0847185,2.81574,26.387233000000002,15.903979999999999,12.42,36.670286,17.616152999999997
2040,6.0847185,2.4444,29.820358,5.02332,12.42,41.303365,20.001587999999998
2045,6.0847185,2.35704,33.342631999999995,0.6888,12.42,45.86943,22.358097
2050,6.0847185,2.2556,35.887367,0.6888,12.42,51.17031,25.03179
2025,0.0,7.5059,1.359873,16.3716,12.42,0.2672,8.3042318
2030,4.345462599999999,5.04524,24.436436,16.3327,12.42,41.721419000000004,13.456535
2035,4.345462599999999,2.81574,27.709754,15.903979999999999,12.42,47.121817,15.207153
2040,4.345462599999999,2.4444,30.983073,5.02332,12.42,52.522214999999996,16.957771
2045,4.345462599999999,2.35704,34.897398,0.6888,12.42,57.319568,18.666154
2050,4.345462599999999,2.2556,38.084917999999995,0.6888,12.42,62.800652,20.422485
2025,0.0,7.5059,1.4009176,16.3716,12.42,0.2672,9.0466037
2030,4.0188258,5.04524,23.757385,16.3327,12.42,31.32218,18.097178
2035,4.0188258,2.81574,26.703066,15.903979999999999,12.42,35.325672,20.442329
2040,4.0188258,2.4444,29.701179,5.02332,12.42,39.289112,22.783892
2045,4.0188258,2.35704,32.712268,0.6888,12.42,43.238434,25.132686000000003
2050,4.0188258,2.2556,35.718694000000006,0.6888,12.42,47.217228000000006,27.488205
2025,0.0,7.5059,1.5190755,16.3716,12.42,0.2672,8.769356
2030,4.3983644,5.04524,22.534804,16.3327,12.42,35.564631,16.290292
2035,4.3983644,2.81574,25.396514,15.903979999999999,12.42,40.319839,18.435568
2040,4.3983644,2.4444,28.258173,5.02332,12.42,45.074852,20.581388
2045,4.3983644,2.35704,31.792698,0.6888,12.42,49.258050000000004,22.691412
2050,4.3983644,2.2556,35.66298200000001,0.6888,12.42,53.157368999999996,24.780296999999997
2025,0.0,7.5059,1.3308839000000001,16.3716,12.42,0.2672,9.3140723
2030,7.012236,5.04524,19.651074,16.3327,12.42,24.927255000000002,16.785198
2035,7.417998,2.81574,21.895969,15.903979999999999,12.42,28.125676,18.925824000000002
2040,7.417998,2.4444,25.168741,5.02332,12.42,32.005687,21.676771000000002
2045,7.417998,2.35704,28.434658,0.6888,12.42,35.890440000000005,24.43029
2050,7.417998,2.2556,32.024629,0.6888,12.42,39.510574,27.146275000000003
2025,0.0,7.5059,1.4194666,16.3716,12.42,0.2672,9.61788
2030,7.2104333,5.04524,22.420437999999997,16.3327,12.42,34.421980000000005,12.476681000000001
2035,7.2104333,2.81574,25.936587,15.903979999999999,12.42,41.330045,13.895134
2040,7.2104333,2.4444,29.574107,5.02332,12.42,47.837156,15.518262
2045,7.2104333,2.35704,33.514203,0.6888,12.42,53.34469,17.651646
2050,7.2104333,2.2556,36.420561,0.6888,12.42,60.679818,19.431296999999997
2025,0.0,7.5059,1.0424685,16.3716,12.42,0.2672,8.562873100000001
2030,5.950505199999999,5.04524,20.558425,16.3327,12.42,31.613277999999998,15.522848
2035,5.950505199999999,2.81574,23.414740000000002,15.903979999999999,12.42,36.457206,17.835486
2040,5.950505199999999,2.4444,26.753984,5.02332,12.42,40.90907,20.088759
2045,5.950505199999999,2.35704,30.398709,0.6888,12.42,45.105627,22.304664
2050,5.950505199999999,2.2556,33.653377,0.6888,12.42,49.628178,24.568283
2025,0.0,7.5059,1.1015409,16.3716,12.42,0.2672,8.7570732
2030,7.3227195,5.04524,19.317104,16.3327,12.42,24.285751,18.186996999999998
2035,7.4058413,2.81574,22.899900000000002,15.903979999999999,12.42,27.794416000000002,20.625148
2040,7.4058413,2.4444,26.565174,5.02332,12.42,31.614787,23.220104
2045,7.4058413,2.35704,29.50398,0.6888,12.42,35.784504,26.285550999999998
2050,7.4058413,2.2556,32.984307,0.6888,12.42,39.67653,29.027279
2025,0.0,7.5059,1.3476898000000002,16.3716,12.42,0.2672,8.689759400000002
2030,6.9495766,5.04524,21.265693,16.3327,12.42,31.699255,14.421446
2035,7.0422774,2.81574,24.707039,15.903979999999999,12.42,36.268401,16.652705
2040,7.0422774,2.4444,28.392043,5.02332,12.42,41.145403,18.94727
2045,7.0422774,2.35704,31.758339,0.6888,12.42,46.30186,21.340912
2050,7.0422774,2.2556,35.589487999999996,0.6888,12.42,51.575656,23.337068
2025,0.0,7.5059,1.5166895,16.3716,12.42,0.2672,8.5507744
2030,8.314890799999999,5.04524,16.663332999999998,16.3327,12.42,23.80117,16.225292
2035,8.4062919,2.81574,20.107827,15.903979999999999,12.42,27.258788,18.896555
2040,8.4062919,2.4444,23.375147000000002,5.02332,12.42,31.255333,21.778443
2045,8.4062919,2.35704,27.6402,0.6888,12.42,34.520123,24.468034
2050,8.4062919,2.2556,30.746339,0.6888,12.42,38.724515,27.372002000000002
2025,0.0,7.5059,1.0727215,16.3716,12.42,0.2672,8.8966054
2030,3.5192805,5.04524,25.388711999999998,16.3327,12.42,41.12773,14.896437
2035,3.5192805,2.81574,28.434465,15.903979999999999,12.42,46.185050000000004,16.782698
2040,3.5192805,2.4444,31.480218,5.02332,12.42,51.24237,18.66896
2045,3.5192805,2.35704,35.404914,0.6888,12.42,55.669275999999996,20.258492999999998
2050,3.5192805,2.2556,38.285565999999996,0.6888,12.42,60.961814,22.122143
2025,0.0,7.5059,1.4780020999999999,16.3716,12.42,0.2672,9.5591389
2030,5.134951500000001,5.04524,24.146291,16.3327,12.42,39.5379,13.92584
2035,5.134951500000001,2.81574,27.682912,15.903979999999999,12.42,44.88811,15.85701
2040,5.134951500000001,2.4444,31.049233,5.02332,12.42,50.470766000000005,17.761292
2045,5.134951500000001,2.35704,34.204548,0.6888,12.42,56.341558,19.632133999999997
2050,5.134951500000001,2.2556,37.082454,0.6888,12.42,62.592997000000004,21.457285
2025,0.0,7.5059,1.3574583,16.3716,12.42,0.2672,8.3057265
2030,6.4159567,5.04524,21.605797,16.3327,12.42,37.256618,12.030977
2035,6.4159567,2.81574,24.800504,15.903979999999999,12.42,43.267173,13.89492
2040,6.4159567,2.4444,28.180225,5.02332,12.42,49.081228,15.743929
2045,6.4159567,2.35704,32.289156999999996,0.6888,12.42,54.074486,17.538346
2050,6.4159567,2.2556,35.814424,0.6888,12.42,59.724713,19.376458
2025,0.0,7.5059,1.3985174,16.3716,12.42,0.2672,9.047687
2030,6.1287310999999995,5.04524,22.53379,16.3327,12.42,31.077213,15.158168
2035,6.1287310999999995,2.81574,25.390096,15.903979999999999,12.42,36.361644,17.474694
2040,6.1287310999999995,2.4444,28.714663,5.02332,12.42,41.127995000000006,19.747256
2045,6.1287310999999995,2.35704,32.558464,0.6888,12.42,45.318905,21.971863000000003
2050,6.1287310999999995,2.2556,35.787102,0.6888,12.42,50.188136,24.256111
2025,0.0,7.5059,1.5166895,16.3716,12.42,0.2672,8.7703208
2030,5.753176099999999,5.04524,20.956925,16.3327,12.42,35.961081,14.182711
2035,5.753176099999999,2.81574,23.729312,15.903979999999999,12.42,41.448089,16.228977999999998
2040,5.753176099999999,2.4444,26.76963,5.02332,12.42,46.650954,18.32117
2045,5.753176099999999,2.35704,30.502022,0.6888,12.42,51.181581,20.410211999999998
2050,5.753176099999999,2.2556,33.844649,0.6888,12.42,56.092159,22.498348999999997
2025,0.0,7.5059,1.3284619,16.3716,12.42,0.2672,9.3158565
2030,7.7682477,5.04524,18.043428,16.3327,12.42,25.753536,16.726807
2035,7.9759167,2.81574,20.731908999999998,15.903979999999999,12.42,29.683769,19.354122
2040,8.3316708,2.4444,23.301428,5.02332,12.42,33.230099,21.66722
2045,8.3316708,2.35704,27.174686,0.6888,12.42,37.618746,24.272973
2050,8.3316708,2.2556,31.238834,0.6888,12.42,41.986127,26.797128
2025,0.0,7.5059,1.4146967,16.3716,12.42,0.2672,9.6123157
2030,4.7770928999999995,5.04524,25.091629,16.3327,12.42,40.501306,13.321464
2035,4.7770928999999995,2.81574,28.360966,15.903979999999999,12.42,46.209784,15.09982
2040,4.7770928999999995,2.4444,31.439305,5.02332,12.42,52.125330999999996,16.891318
2045,4.7770928999999995,2.35704,35.184658999999996,0.6888,12.42,57.308852,18.648199
2050,4.7770928999999995,2.2556,38.931639000000004,0.6888,12.42,62.496598,20.404255000000003
2025,0.0,7.5059,1.0421633,16.3716,12.42,0.2672,8.557084399999999
2030,5.6272952,5.04524,22.433545,16.3327,12.42,33.340074,14.270954
2035,5.6272952,2.81574,25.641883999999997,15.903979999999999,12.42,38.051089999999995,16.339299999999998
2040,5.6272952,2.4444,29.066603999999998,5.02332,12.42,42.657302,18.378077
2045,5.6272952,2.35704,32.756919,0.6888,12.42,47.0402,20.394444
2050,5.6272952,2.2556,35.766562,0.6888,12.42,52.035015,22.465296
2025,0.0,7.5059,1.1017031,16.3716,12.42,0.2672,8.751076300000001
2030,5.0186811,5.04524,22.154628,16.3327,12.42,32.003510999999996,17.523864
2035,5.0186811,2.81574,24.061449,15.903979999999999,12.42,37.402607,19.849383000000003
2040,5.0186811,2.4444,26.914702000000002,5.02332,12.42,41.854315,22.272791
2045,5.0186811,2.35704,30.639228,0.6888,12.42,45.453663,24.778328000000002
2050,5.0186811,2.2556,33.081101000000004,0.6888,12.42,50.408673,27.141139
2025,0.0,7.5059,1.3429702,16.3716,12.42,0.2672,8.6842797
2030,4.2358004000000005,5.04524,24.923741999999997,16.3327,12.42,36.831427000000005,14.342644
2035,4.2358004000000005,2.81574,28.060575,15.903979999999999,12.42,43.171148,15.274833000000001
2040,4.2358004000000005,2.4444,31.714686,5.02332,12.42,48.376435,16.555736
2045,4.2358004000000005,2.35704,35.631231,0.6888,12.42,52.242127999999994,18.520263
2050,4.2358004000000005,2.2556,39.281174,0.6888,12.42,56.78527,20.243543000000003
2025,0.0,7.5059,1.5118633,16.3716,12.42,0.2672,8.5464096
2030,7.5911526,5.04524,19.11018,16.3327,12.42,25.235049999999998,16.139161
2035,8.1477386,2.81574,21.482446,15.903979999999999,12.42,27.93245,18.011861
2040,8.1477386,2.4444,24.744705999999997,5.02332,12.42,32.006046999999995,20.850851
2045,8.1477386,2.35704,28.378434000000002,0.6888,12.42,35.901000999999994,23.543637999999998
2050,8.1477386,2.2556,32.258197,0.6888,12.42,39.623596,26.149666
2025,0.0,7.5059,1.0728932,16.3716,12.42,0.2672,8.8913662
2030,4.5584993,5.04524,23.163783,16.3327,12.42,32.613949,16.206984000000002
2035,4.5584993,2.81574,26.2767,15.903979999999999,12.42,36.939674,18.366426
2040,4.5584993,2.4444,29.383888,5.02332,12.42,41.317963000000006,20.521169
2045,4.5584993,2.35704,33.92702,0.6888,12.42,44.72904,22.256376
2050,4.5584993,2.2556,36.923004,0.6888,12.42,49.198767,24.436269
2025,0.0,7.5059,1.4731986,16.3716,12.42,0.2672,9.5535356
2030,5.906834300000001,5.04524,22.335432,16.3327,12.42,30.420649,16.465066
2035,5.906834300000001,2.81574,25.286559,15.903979999999999,12.42,34.993879,19.107976999999998
2040,5.906834300000001,2.4444,29.077784,5.02332,12.42,38.988978,21.465521
2045,5.906834300000001,2.35704,32.721251,0.6888,12.42,43.08576,23.873256
2050,5.906834300000001,2.2556,35.527394,0.6888,12.42,47.758763,26.565415
2025,0.0,7.5059,1.3527240999999999,16.3716,12.42,0.2672,8.3009307
2030,4.3768972999999995,5.04524,24.619078000000002,16.3327,12.42,37.817445,14.418911
2035,4.3768972999999995,2.81574,27.844288,15.903979999999999,12.42,42.72104,16.306216
2040,4.3768972999999995,2.4444,31.069499,5.02332,12.42,47.624635000000005,18.19352
2045,4.3768972999999995,2.35704,34.29471,0.6888,12.42,52.52823,20.080825
2050,4.3768972999999995,2.2556,37.51992,0.6888,12.42,57.431824,21.968129
2025,0.0,7.5059,1.3937446,16.3716,12.42,0.2672,9.043603800000001
2030,4.0888982,5.04524,23.769054,16.3327,12.42,36.765409,16.850454000000003
2035,4.0888982,2.81574,26.475681,15.903979999999999,12.42,41.669661999999995,19.041310000000003
2040,4.0888982,2.4444,29.668598999999997,5.02332,12.42,46.135585,21.193002
2045,4.0888982,2.35704,32.39195,0.6888,12.42,51.024157,23.383567
2050,4.0888982,2.2556,35.830709000000006,0.6888,12.42,55.267418,25.517322
2025,0.0,7.5059,1.5118633,16.3716,12.42,0.2672,8.7663288
2030,4.9782521,5.04524,22.336489,16.3327,12.42,37.716656,14.224252
2035,4.9782521,2.81574,25.847655,15.903979999999999,12.42,42.341955999999996,16.168543
2040,4.9782521,2.4444,29.334631,5.02332,12.42,47.089413,18.102093
2045,4.9782521,2.35704,33.083953,0.6888,12.42,51.594919999999995,20.030403
2050,4.9782521,2.2556,36.0794,0.6888,12.42,56.799848,21.977463
2025,0.0,7.5059,1.3237229,16.3716,12.42,0.2672,9.3115409
2030,7.1871225,5.04524,18.897324,16.3327,12.42,23.217785,17.633875
2035,7.1871225,2.81574,21.863625,15.903979999999999,12.42,27.020147,20.635744
2040,7.3125230000000006,2.4444,25.182038000000002,5.02332,12.42,30.223553,23.204003
2045,7.3125230000000006,2.35704,28.984706,0.6888,12.42,33.53583999999999,25.888126
2050,7.3125230000000006,2.2556,32.446379,0.6888,12.42,37.045775,28.706374
2025,0.0,7.5059,1.4192209,16.3716,12.42,0.2672,9.610646500000001
2030,4.124894599999999,5.04524,24.513543000000002,16.3327,12.42,43.187044,14.391176
2035,4.124894599999999,2.81574,27.722823,15.903979999999999,12.42,48.810767999999996,16.16318
2040,4.124894599999999,2.4444,30.933683000000002,5.02332,12.42,54.449152000000005,17.926913
2045,4.124894599999999,2.35704,34.144543,0.6888,12.42,60.087537,19.690646
2050,4.124894599999999,2.2556,37.355402000000005,0.6888,12.42,65.725921,21.454379
2025,0.0,7.5059,1.0430765,16.3716,12.42,0.2672,8.5562374
2030,4.4081579,5.04524,22.12296,16.3327,12.42,35.969142999999995,15.930686
2035,4.4081579,2.81574,25.091137999999997,15.903979999999999,12.42,40.633034,18.011788
2040,4.4081579,2.4444,28.074845,5.02332,12.42,45.287245000000006,20.092187999999997
2045,4.4081579,2.35704,31.056649,0.6888,12.42,49.949394,22.172391
2050,4.4081579,2.2556,34.052741999999995,0.6888,12.42,54.599413,24.252585
2025,0.0,7.5059,1.1116705999999998,16.3716,12.42,0.2672,8.748848299999999
2030,7.131472,5.04524,19.741117,16.3327,12.42,23.246315,17.920277
2035,7.131472,2.81574,23.661637,15.903979999999999,12.42,29.171427,19.042928
2040,7.131472,2.4444,27.564505,5.02332,12.42,33.848932999999995,20.981597
2045,7.131472,2.35704,30.847474,0.6888,12.42,38.686980000000005,23.382137999999998
2050,7.131472,2.2556,34.085712,0.6888,12.42,43.133547,26.050302
2025,0.0,7.5059,1.3474902,16.3716,12.42,0.2672,8.683624100000001
2030,6.5228041,5.04524,21.169716,16.3327,12.42,31.478330000000003,14.793713
2035,6.5228041,2.81574,25.029265,15.903979999999999,12.42,35.965171999999995,16.920692
2040,6.5228041,2.4444,28.782149,5.02332,12.42,40.96799,18.814235
2045,6.5228041,2.35704,32.234682,0.6888,12.42,48.02753,19.777733
2050,6.5228041,2.2556,36.189558,0.6888,12.42,54.142133,20.890127
2025,0.0,7.5059,1.5163706,16.3716,12.42,0.2672,8.5456916
2030,8.0195715,5.04524,22.404729,16.3327,12.42,34.583449,10.597597
2035,8.0195715,2.81574,26.311793,15.903979999999999,12.42,40.61041,12.605139
2040,8.066512,2.4444,30.038533,5.02332,12.42,46.563921,14.576818
2045,8.3242142,2.35704,33.892475,0.6888,12.42,51.124913,16.153465
2050,8.3242142,2.2556,38.384767999999994,0.6888,12.42,56.548894999999995,18.049131000000003
2025,0.0,7.5059,1.0828726,16.3716,12.42,0.2672,8.8887189
2030,4.65295,5.04524,23.830999,16.3327,12.42,38.89684,14.293784
2035,4.65295,2.81574,26.450868,15.903979999999999,12.42,44.692933,16.347106
2040,4.65295,2.4444,29.708647,5.02332,12.42,49.953148,18.240113
2045,4.65295,2.35704,33.453487,0.6888,12.42,54.804207999999996,20.010716
2050,4.65295,2.2556,37.455203999999995,0.6888,12.42,59.439477,21.716763
2025,0.0,7.5059,1.4777129,16.3716,12.42,0.2672,9.5518036
2030,4.4715291,5.04524,24.508983,16.3327,12.42,35.959169,15.469268
2035,4.5275886,2.81574,27.633756,15.903979999999999,12.42,40.472302000000006,17.506555
2040,4.5275886,2.4444,30.862204000000002,5.02332,12.42,45.133761,19.612722
2045,4.5275886,2.35704,34.090652,0.6888,12.42,49.79522,21.71889
2050,4.5275886,2.2556,37.3191,0.6888,12.42,54.456678999999994,23.825057
2025,0.0,7.5059,1.3572483,16.3716,12.42,0.2672,8.300049999999999
2030,4.6226578,5.04524,23.821900000000003,16.3327,12.42,37.099364,15.720027
2035,4.6226578,2.81574,27.027063,15.903979999999999,12.42,42.045113,17.605348000000003
2040,4.6226578,2.4444,30.576734000000002,5.02332,12.42,47.097093,19.148156999999998
2045,4.6226578,2.35704,34.242021,0.6888,12.42,52.152809,20.678922
2050,4.6226578,2.2556,36.863137,0.6888,12.42,56.904805999999994,23.188938999999998
2025,0.0,7.5059,1.3982838999999998,16.3716,12.42,0.2672,9.041152400000001
2030,3.8736126,5.04524,23.905762,16.3327,12.42,31.257855,18.944542000000002
2035,3.8736126,2.81574,26.84669,15.903979999999999,12.42,35.241957,21.321659
2040,3.8736126,2.4444,29.787968,5.02332,12.42,39.274243999999996,23.675323
2045,3.8736126,2.35704,33.081197,0.6888,12.42,43.116341999999996,25.899831
2050,3.8736126,2.2556,36.220468000000004,0.6888,12.42,47.314786,28.04913
2025,0.0,7.5059,1.5163706,16.3716,12.42,0.2672,8.7648466
2030,3.7674678,5.04524,23.155651000000002,16.3327,12.42,34.850546,17.466858
2035,3.7674678,2.81574,26.051659,15.903979999999999,12.42,39.184636,19.666956
2040,3.7674678,2.4444,28.947658,5.02332,12.42,43.518673,21.867197
2045,3.7674678,2.35704,31.843569,0.6888,12.42,47.852104,24.069063
2050,3.7674678,2.2556,34.73935899999999,0.6888,12.42,52.18471,26.273142
2025,0.0,7.5059,1.3282711,16.3716,12.42,0.2672,9.309514499999999
2030,6.8996356,5.04524,19.135661,16.3327,12.42,26.655155999999998,16.998883999999997
2035,7.2571223,2.81574,21.5065,15.903979999999999,12.42,30.116825000000002,19.227877
2040,7.2571223,2.4444,24.475028,5.02332,12.42,34.476064,22.039835
2045,7.2571223,2.35704,28.896815,0.6888,12.42,37.639807999999995,24.777593
2050,7.2571223,2.2556,32.123599999999996,0.6888,12.42,41.78615,27.577497
2025,0.0,7.5059,1.4205537,16.3716,12.42,0.2672,9.6080986
2030,9.7601533,5.04524,17.499923,16.3327,12.42,20.450924,16.498271
2035,9.7601533,2.81574,22.120015,15.903979999999999,12.42,27.527383,17.447794000000002
2040,9.7601533,2.4444,27.001986000000002,5.02332,12.42,33.833281,18.658939
2045,9.7601533,2.35704,31.824371,0.6888,12.42,40.316007,19.816989000000003
2050,9.7601533,2.2556,36.536984,0.6888,12.42,47.122991999999996,20.871308000000003
2025,0.0,7.5059,1.0425951,16.3716,12.42,0.2672,8.554094
2030,7.2689191,5.04524,21.607407,16.3327,12.42,24.653513999999998,16.046839
2035,7.2689191,2.81574,24.185311000000002,15.903979999999999,12.42,28.919134,19.251718
2040,7.2689191,2.4444,28.137897000000002,5.02332,12.42,34.110803999999995,20.658088
2045,7.2689191,2.35704,31.490252,0.6888,12.42,38.410654,23.130142
2050,7.2689191,2.2556,34.405428,0.6888,12.42,41.556271,26.660294
2025,0.0,7.5059,1.1048628,16.3716,12.42,0.2672,8.7475988
2030,7.2586389,5.04524,19.132166,16.3327,12.42,18.249265,20.104758
2035,7.3462454,2.81574,21.972457,15.903979999999999,12.42,21.093222,23.257586
2040,7.3669498,2.4444,24.956364,5.02332,12.42,24.118166000000002,26.501099
2045,7.3669498,2.35704,29.386651999999998,0.6888,12.42,27.516185,28.58014
2050,7.3669498,2.2556,32.871147,0.6888,12.42,31.053318,31.357067
2025,0.0,7.5059,1.3488687,16.3716,12.42,0.2672,8.6799467
2030,7.8005455,5.04524,18.363166,16.3327,12.42,22.5762,17.456557
2035,7.8005455,2.81574,20.970899000000003,15.903979999999999,12.42,26.77938,20.832236
2040,7.8005455,2.4444,24.955667000000002,5.02332,12.42,30.627087,23.337992999999997
2045,7.914996199999999,2.35704,28.119935,0.6888,12.42,36.192789,25.174072
2050,8.1453276,2.2556,31.088492,0.6888,12.42,41.572072999999996,26.769249
2025,0.0,7.5059,1.5176776,16.3716,12.42,0.2672,8.542037899999999
2030,7.3471201,5.04524,19.75665,16.3327,12.42,27.765809,14.877329
2035,7.4450673,2.81574,23.823563999999998,15.903979999999999,12.42,31.243557,16.975856
2040,7.4450673,2.4444,27.688077,5.02332,12.42,35.301134,19.341501
2045,7.4450673,2.35704,31.4058,0.6888,12.42,39.468341,21.75674
2050,7.4450673,2.2556,34.808785,0.6888,12.42,43.870608999999995,24.278313999999998
2025,0.0,7.5059,1.0760750000000001,16.3716,12.42,0.2672,8.8869512
2030,5.8028513,5.04524,21.030958,16.3327,12.42,26.952227999999998,17.719896000000002
2035,6.010624,2.81574,23.761487000000002,15.903979999999999,12.42,30.421508000000003,19.911047999999997
2040,6.010624,2.4444,27.044201,5.02332,12.42,34.31003,22.295899000000002
2045,6.010624,2.35704,30.547008,0.6888,12.42,38.104178,24.570066999999998
2050,6.010624,2.2556,33.869504,0.6888,12.42,42.013644,26.942978
2025,0.0,7.5059,1.4790323,16.3716,12.42,0.2672,9.5487379
2030,6.7444449,5.04524,22.565617999999997,16.3327,12.42,29.019366,16.172325999999998
2035,6.9344082,2.81574,25.703128,15.903979999999999,12.42,32.971151,18.571227
2040,7.1945546,2.4444,29.252525000000002,5.02332,12.42,36.377339,20.644954000000002
2045,7.389784,2.35704,32.861555,0.6888,12.42,39.999241999999995,22.846795999999998
2050,7.389784,2.2556,36.299701999999996,0.6888,12.42,44.528137,25.565308
2025,0.0,7.5059,1.3586129,16.3716,12.42,0.2672,8.2970458
2030,4.7302311,5.04524,24.485876,16.3327,12.42,40.906487999999996,12.446017
2035,4.7302311,2.81574,27.782526,15.903979999999999,12.42,46.360848,14.101704999999999
2040,4.7302311,2.4444,31.07159,5.02332,12.42,51.787363,15.826412
2045,4.7302311,2.35704,34.364943,0.6888,12.42,57.229623,17.512092
2050,4.7302311,2.2556,37.659553,0.6888,12.42,62.676494,19.186343
2025,0.0,7.5059,1.3996222,16.3716,12.42,0.2672,9.038753
2030,4.1117031,5.04524,24.330754000000002,16.3327,12.42,32.310885,16.978899000000002
2035,4.1117031,2.81574,27.367165,15.903979999999999,12.42,36.48648,19.203519
2040,4.1117031,2.4444,30.418322,5.02332,12.42,40.667887,21.421242
2045,4.1117031,2.35704,33.517496,0.6888,12.42,44.868226,23.616506
2050,4.1117031,2.2556,36.61667,0.6888,12.42,49.068563999999995,25.81177
2025,0.0,7.5059,1.5176776,16.3716,12.42,0.2672,8.7619075
2030,2.7747139,5.04524,25.416031999999998,16.3327,12.42,35.235793,18.843094
2035,2.7747139,2.81574,28.296616999999998,15.903979999999999,12.42,39.402846,21.081932000000002
2040,2.7747139,2.4444,31.177203000000002,5.02332,12.42,43.569900000000004,23.32077
2045,2.7747139,2.35704,34.076589,0.6888,12.42,47.726722,25.553814
2050,2.7747139,2.2556,37.344549,0.6888,12.42,51.642747,27.679941
2025,0.0,7.5059,1.3296427000000002,16.3716,12.42,0.2672,9.3063208
2030,5.7719633,5.04524,22.035181,16.3327,12.42,24.515061000000003,18.84264
2035,5.833588,2.81574,24.955569,15.903979999999999,12.42,28.071377000000002,21.566817
2040,5.833588,2.4444,28.142268,5.02332,12.42,31.660473999999997,24.337790000000002
2045,5.833588,2.35704,31.336843000000002,0.6888,12.42,35.244811,27.106022
2050,5.833588,2.2556,34.529049,0.6888,12.42,38.874387000000006,29.866302
2025,0.0,7.5059,1.418626,16.3716,12.42,0.2672,9.617776099999999
2030,8.889646500000001,5.04524,18.928099,16.3327,12.42,25.425937,14.926694
2035,8.889646500000001,2.81574,22.150393,15.903979999999999,12.42,29.522643,19.430723
2040,8.889646500000001,2.4444,26.439850999999997,5.02332,12.42,35.548190999999996,21.087366999999997
2045,8.889646500000001,2.35704,30.813309,0.6888,12.42,41.383421999999996,22.796788
2050,8.889646500000001,2.2556,35.123502,0.6888,12.42,47.447832999999996,24.396986000000002
2025,0.0,7.5059,1.0420751,16.3716,12.42,0.2672,8.5623109
2030,6.0919133,5.04524,22.410459,16.3327,12.42,28.643044999999997,16.580435
2035,6.2833481,2.81574,25.435674,15.903979999999999,12.42,32.572399000000004,18.458385
2040,6.407862199999999,2.4444,28.278913,5.02332,12.42,36.790205,20.791094
2045,6.407862199999999,2.35704,32.403357,0.6888,12.42,40.539311000000005,22.977491
2050,6.407862199999999,2.2556,35.833099000000004,0.6888,12.42,44.775494,25.462975
2025,0.0,7.5059,1.1134785,16.3716,12.42,0.2672,8.754498400000001
2030,6.1214112,5.04524,22.449799,16.3327,12.42,28.524403999999997,17.08199
2035,6.1214112,2.81574,25.562047,15.903979999999999,12.42,32.899474000000005,19.684721
2040,6.1214112,2.4444,29.329986,5.02332,12.42,36.894323,21.955441
2045,6.1214112,2.35704,32.613509,0.6888,12.42,41.170074,24.471446
2050,6.1214112,2.2556,36.280767,0.6888,12.42,45.227332000000004,26.791863000000003
2025,0.0,7.5059,1.3468169,16.3716,12.42,0.2672,8.6913617
2030,6.4159811,5.04524,23.333649,16.3327,12.42,40.966447,11.019487999999999
2035,6.4159811,2.81574,26.679946,15.903979999999999,12.42,47.671496,12.736129
2040,6.4159811,2.4444,29.62669,5.02332,12.42,54.852968000000004,14.520102000000001
2045,6.4159811,2.35704,33.179430999999994,0.6888,12.42,61.335072,16.190956
2050,6.4159811,2.2556,37.692351,0.6888,12.42,66.70905400000001,17.682576
2025,0.0,7.5059,1.5158478,16.3716,12.42,0.2672,8.5518526
2030,7.5694342,5.04524,21.680414,16.3327,12.42,34.316485,12.148755999999999
2035,7.6564142,2.81574,25.137871,15.903979999999999,12.42,39.730236,14.217506
2040,7.8242915,2.4444,28.100326000000003,5.02332,12.42,45.214267,16.273475
2045,7.8242915,2.35704,31.744778999999998,0.6888,12.42,50.904994,18.449533
2050,7.8242915,2.2556,36.169391000000005,0.6888,12.42,55.805052,20.412962
2025,0.0,7.5059,1.0846545,16.3716,12.42,0.2672,8.895078700000001
2030,5.9605204999999994,5.04524,24.833205000000003,16.3327,12.42,42.85478,9.651018400000002
2035,5.9605204999999994,2.81574,27.808815,15.903979999999999,12.42,50.091354,11.231995999999999
2040,5.9605204999999994,2.4444,30.74933,5.02332,12.42,57.372647,12.818677
2045,5.9605204999999994,2.35704,34.612843999999996,0.6888,12.42,63.590246,14.235147000000001
2050,5.9605204999999994,2.2556,37.946995,0.6888,12.42,70.41789999999999,15.749236999999999
2025,0.0,7.5059,1.4771632,16.3716,12.42,0.2672,9.5584443
2030,5.9255658,5.04524,22.989067,16.3327,12.42,31.923353,16.881703
2035,6.3781699,2.81574,25.475658,15.903979999999999,12.42,35.340281000000004,18.798492999999997
2040,6.3781699,2.4444,28.903467,5.02332,12.42,39.872628,21.375777999999997
2045,6.3781699,2.35704,32.382846,0.6888,12.42,44.367084000000006,23.934742
2050,6.3781699,2.2556,35.76759,0.6888,12.42,48.931071,26.527328
2025,0.0,7.5059,1.356625,16.3716,12.42,0.2672,8.3052923
2030,4.042101,5.04524,24.990382,16.3327,12.42,43.293735999999996,13.196071
2035,4.042101,2.81574,28.199294000000002,15.903979999999999,12.42,48.833571000000006,14.878564
2040,4.042101,2.4444,31.408205000000002,5.02332,12.42,54.373405,16.561057
2045,4.042101,2.35704,34.617117,0.6888,12.42,59.913239999999995,18.24355
2050,4.042101,2.2556,37.826029000000005,0.6888,12.42,65.453074,19.926042000000002
2025,0.0,7.5059,1.397675,16.3716,12.42,0.2672,9.047741400000001
2030,3.1749985,5.04524,24.794052,16.3327,12.42,35.067778,17.78998
2035,3.1749985,2.81574,27.706373,15.903979999999999,12.42,39.22693099999999,19.938696
2040,3.1749985,2.4444,30.651066,5.02332,12.42,43.376758,22.083076000000002
2045,3.1749985,2.35704,33.623502,0.6888,12.42,47.51847,24.223833
2050,3.1749985,2.2556,36.594457999999996,0.6888,12.42,51.675174,26.363361
2025,0.0,7.5059,1.5158478,16.3716,12.42,0.2672,8.771258
2030,5.5990104,5.04524,20.170305,16.3327,12.42,28.016311,18.651988000000003
2035,5.5990104,2.81574,22.996404,15.903979999999999,12.42,31.77779,21.60938
2040,5.5990104,2.4444,26.031596,5.02332,12.42,37.061534,23.432702000000003
2045,5.5990104,2.35704,29.683075000000002,0.6888,12.42,41.392656,25.366755
2050,5.5990104,2.2556,33.168968,0.6888,12.42,46.419343,26.993153
2025,0.0,7.5059,1.3276042,16.3716,12.42,0.2672,9.316646800000001
2030,6.463399900000001,5.04524,21.354632000000002,16.3327,12.42,29.753704000000003,16.287787
2035,6.463399900000001,2.81574,24.755547999999997,15.903979999999999,12.42,34.136286,18.821889
2040,6.463399900000001,2.4444,28.322054,5.02332,12.42,38.398767,21.301784
2045,6.463399900000001,2.35704,31.706726999999997,0.6888,12.42,42.793129,23.841203
2050,6.463399900000001,2.2556,34.973487999999996,0.6888,12.42,47.310307,26.411942
2025,0.0,7.5059,1.4152448,16.3716,12.42,0.2672,9.6231232
2030,5.1178006,5.04524,24.179661,16.3327,12.42,37.053059000000005,14.835582
2035,5.1178006,2.81574,27.074347000000003,15.903979999999999,12.42,42.653929,17.041576
2040,5.1178006,2.4444,30.774108000000002,5.02332,12.42,47.561206,19.021226
2045,5.1178006,2.35704,33.920402,0.6888,12.42,52.945309,21.156481
2050,5.1178006,2.2556,37.066696,0.6888,12.42,58.329412,23.291736
2025,0.0,7.5059,1.0423896,16.3716,12.42,0.2672,8.5662477
2030,4.4965405,5.04524,22.772865000000003,16.3327,12.42,38.69386,14.901137
2035,4.4965405,2.81574,25.212761999999998,15.903979999999999,12.42,44.325148,16.894837
2040,4.4965405,2.4444,28.636435000000002,5.02332,12.42,49.076001,18.822653
2045,4.4965405,2.35704,31.855007,0.6888,12.42,54.011119,20.764537
2050,4.4965405,2.2556,34.88505,0.6888,12.42,59.115379999999995,22.719889
2025,0.0,7.5059,1.1043797,16.3716,12.42,0.2672,8.7609059
2030,5.9249951,5.04524,20.411956999999997,16.3327,12.42,28.175642,18.557496999999998
2035,6.237062,2.81574,22.717769,15.903979999999999,12.42,31.631189,20.83963
2040,6.237062,2.4444,25.497321,5.02332,12.42,35.848533,23.623298
2045,6.237062,2.35704,28.274216,0.6888,12.42,40.069442,26.407653
2050,6.237062,2.2556,31.049865,0.6888,12.42,44.290387,29.192919000000003
2025,0.0,7.5059,1.3434062,16.3716,12.42,0.2672,8.6956587
2030,3.6937797,5.04524,24.189707,16.3327,12.42,41.812881000000004,15.00682
2035,3.6937797,2.81574,27.225094000000002,15.903979999999999,12.42,46.993209,16.875089
2040,3.6937797,2.4444,30.268599,5.02332,12.42,52.170021,18.739612
2045,3.6937797,2.35704,33.462185,0.6888,12.42,57.413569,20.452151999999998
2050,3.6937797,2.2556,36.948139000000005,0.6888,12.42,62.759724,21.885829
2025,0.0,7.5059,1.5125206,16.3716,12.42,0.2672,8.556916800000002
2030,8.1303043,5.04524,20.053994,16.3327,12.42,29.410768,13.683636
2035,8.2641015,2.81574,23.258333999999998,15.903979999999999,12.42,34.122681,16.098794
2040,8.3984649,2.4444,27.268099,5.02332,12.42,38.203686999999995,18.21425
2045,8.3984649,2.35704,30.920422,0.6888,12.42,43.258237,20.75021
2050,8.496227300000001,2.2556,34.557803,0.6888,12.42,47.872428,23.074928
2025,0.0,7.5059,1.0755396000000002,16.3716,12.42,0.2672,8.9011694
2030,3.3896696000000004,5.04524,25.464216,16.3327,12.42,40.234602,15.690503000000001
2035,3.3896696000000004,2.81574,28.605609,15.903979999999999,12.42,45.094313,17.613999
2040,3.3896696000000004,2.4444,31.747002000000002,5.02332,12.42,49.954024,19.537495
2045,3.3896696000000004,2.35704,34.998543,0.6888,12.42,54.730601,21.433142
2050,3.3896696000000004,2.2556,38.200659,0.6888,12.42,59.55056,23.340167
2025,0.0,7.5059,1.4738147,16.3716,12.42,0.2672,9.5637191
2030,6.386456600000001,5.04524,21.881116000000002,16.3327,12.42,30.9404,16.836372
2035,6.8566322,2.81574,24.332672,15.903979999999999,12.42,34.303588000000005,18.791321
2040,6.8566322,2.4444,28.890485,5.02332,12.42,38.007994,21.038576000000003
2045,6.8566322,2.35704,32.642574,0.6888,12.42,42.30673,23.579876
2050,6.8566322,2.2556,36.107219,0.6888,12.42,46.817496,26.226077
2025,0.0,7.5059,1.353201,16.3716,12.42,0.2672,8.3103439
2030,4.3588041,5.04524,25.069136,16.3327,12.42,41.528767,13.60458
2035,4.3588041,2.81574,28.379291000000002,15.903979999999999,12.42,46.99566,15.285495999999998
2040,4.3588041,2.4444,32.008264,5.02332,12.42,52.21997,16.842054
2045,4.3588041,2.35704,35.314171,0.6888,12.42,57.697292000000004,18.525966
2050,4.3588041,2.2556,38.620414,0.6888,12.42,63.177584,20.203522
2025,0.0,7.5059,1.3942697000000002,16.3716,12.42,0.2672,9.053728600000001
2030,4.0557688,5.04524,23.475984,16.3327,12.42,38.043712,16.465935
2035,4.0557688,2.81574,26.145604,15.903979999999999,12.42,43.119727,18.560722000000002
2040,4.0557688,2.4444,29.140276,5.02332,12.42,47.860527000000005,20.677969
2045,4.0557688,2.35704,32.421727,0.6888,12.42,52.305279,22.815486
2050,4.0557688,2.2556,34.984010999999995,0.6888,12.42,57.490468,24.905116000000003
2025,0.0,7.5059,1.5125206,16.3716,12.42,0.2672,8.77602
2030,3.8727399,5.04524,22.742552,16.3327,12.42,34.249739,18.31692
2035,3.8727399,2.81574,25.528254,15.903979999999999,12.42,38.619869,20.64173
2040,3.8727399,2.4444,28.313955,5.02332,12.42,42.988605,22.968365000000002
2045,3.8727399,2.35704,31.664384,0.6888,12.42,46.865957,25.256921
2050,3.8727399,2.2556,35.67908,0.6888,12.42,50.171589999999995,27.49952
2025,0.0,7.5059,1.3241628,16.3716,12.42,0.2672,9.3223041
2030,7.2252328,5.04524,19.732935,16.3327,12.42,27.11819,16.670616000000003
2035,7.2252328,2.81574,23.025477,15.903979999999999,12.42,31.607882,19.434371
2040,7.2252328,2.4444,26.68297,5.02332,12.42,35.817279,22.068022
2045,7.2252328,2.35704,30.588341,0.6888,12.42,39.832736,24.621562
2050,7.2252328,2.2556,34.492564,0.6888,12.42,43.847805,27.178456999999998
2025,0.0,7.5059,1.4233996,16.3716,12.42,0.2672,9.6185454
2030,7.6831481,5.04524,21.150591,16.3327,12.42,27.095482,17.351074
2035,7.6831481,2.81574,24.950979,15.903979999999999,12.42,34.244546,18.246357
2040,7.6831481,2.4444,29.419228,5.02332,12.42,40.154977,19.415581
2045,7.6831481,2.35704,34.100163,0.6888,12.42,45.668891,20.673841
2050,7.6831481,2.2556,38.500578999999995,0.6888,12.42,51.489487000000004,22.003083
2025,0.0,7.5059,1.0419268,16.3716,12.42,0.2672,8.564208800000001
2030,5.8632292999999995,5.04524,22.715035,16.3327,12.42,28.748856,15.956068
2035,5.8632292999999995,2.81574,25.141466,15.903979999999999,12.42,32.627865,19.133197
2040,5.8632292999999995,2.4444,27.649549,5.02332,12.42,35.581208,22.821316
2045,5.8632292999999995,2.35704,30.947225999999997,0.6888,12.42,38.791543,25.76527
2050,5.8632292999999995,2.2556,33.869873,0.6888,12.42,43.005943,28.454657
2025,0.0,7.5059,1.1064469,16.3716,12.42,0.2672,8.7573709
2030,6.2998536000000005,5.04524,22.176568,16.3327,12.42,27.716044999999998,18.364361000000002
2035,6.2998536000000005,2.81574,25.706729,15.903979999999999,12.42,33.971092,19.502284
2040,6.2998536000000005,2.4444,30.036739,5.02332,12.42,38.640277999999995,21.051271
2045,6.2998536000000005,2.35704,33.580943,0.6888,12.42,44.286812,22.620198000000002
2050,6.2998536000000005,2.2556,37.282277,0.6888,12.42,49.399051,24.428573
2025,0.0,7.5059,1.3516352999999999,16.3716,12.42,0.2672,8.6894598
2030,3.1711046,5.04524,25.399551,16.3327,12.42,45.386644999999994,13.683573
2035,3.1711046,2.81574,28.427784,15.903979999999999,12.42,50.918735999999996,15.307437
2040,3.1711046,2.4444,31.505729,5.02332,12.42,56.462992,16.895877
2045,3.1711046,2.35704,34.579232000000005,0.6888,12.42,61.997481,18.512758
2050,3.1711046,2.2556,38.054031,0.6888,12.42,67.19219500000001,20.038968
2025,0.0,7.5059,1.5206291,16.3716,12.42,0.2672,8.551607299999999
2030,7.2514445,5.04524,20.745357,16.3327,12.42,27.596936000000003,15.564867
2035,7.7391728,2.81574,22.979131000000002,15.903979999999999,12.42,30.917368,17.562163
2040,8.0512475,2.4444,26.120542,5.02332,12.42,34.307553,19.618689
2045,8.0512475,2.35704,29.299456,0.6888,12.42,38.907371,22.352100999999998
2050,8.0512475,2.2556,33.8215,0.6888,12.42,42.486392,24.625168000000002
2025,0.0,7.5059,1.0776236,16.3716,12.42,0.2672,8.8971582
2030,4.9645375000000005,5.04524,22.699081,16.3327,12.42,37.705303,15.951270000000001
2035,4.9645375000000005,2.81574,25.403107,15.903979999999999,12.42,42.927437,18.196392
2040,4.9645375000000005,2.4444,28.469172999999998,5.02332,12.42,48.236169000000004,20.220471
2045,4.9645375000000005,2.35704,32.05117,0.6888,12.42,53.765293,21.689343
2050,4.9645375000000005,2.2556,35.712263,0.6888,12.42,59.326752,23.073494999999998
2025,0.0,7.5059,1.4819403,16.3716,12.42,0.2672,9.5594924
2030,6.4602981,5.04524,23.079767,16.3327,12.42,33.063172,15.912327
2035,6.4602981,2.81574,26.597166,15.903979999999999,12.42,38.883085,17.939356
2040,6.4602981,2.4444,30.610302,5.02332,12.42,45.470552000000005,18.760043000000003
2045,6.4602981,2.35704,35.413737999999995,0.6888,12.42,49.468604,20.900897
2050,6.4602981,2.2556,39.871807999999994,0.6888,12.42,54.583891,22.480511999999997
2025,0.0,7.5059,1.3613924,16.3716,12.42,0.2672,8.3060185
2030,7.7811775,5.04524,20.535808,16.3327,12.42,28.749098,15.792926999999999
2035,7.7811775,2.81574,24.603719,15.903979999999999,12.42,34.957589999999996,16.850956999999998
2040,7.7811775,2.4444,28.879168,5.02332,12.42,40.388046,18.512542
2045,7.7811775,2.35704,32.938059,0.6888,12.42,45.975313,20.297905999999998
2050,7.7811775,2.2556,37.213188,0.6888,12.42,50.205788,23.099057000000002
2025,0.0,7.5059,1.4024344000000002,16.3716,12.42,0.2672,9.049423899999999
2030,6.505603,5.04524,22.954261,16.3327,12.42,28.768258000000003,16.948016
2035,6.505603,2.81574,26.733399000000002,15.903979999999999,12.42,34.940241,18.102111
2040,6.505603,2.4444,30.542101,5.02332,12.42,41.090389,19.254412
2045,6.505603,2.35704,33.677052,0.6888,12.42,48.028983999999994,20.499212
2050,6.505603,2.2556,38.329614,0.6888,12.42,52.599377,21.974288
2025,0.0,7.5059,1.5206291,16.3716,12.42,0.2672,8.7711929
2030,4.642456,5.04524,22.426547,16.3327,12.42,32.042047,18.346961999999998
2035,4.642456,2.81574,25.311812000000003,15.903979999999999,12.42,36.402142999999995,20.815968
2040,4.642456,2.4444,28.29557,5.02332,12.42,40.696725,23.248099
2045,4.642456,2.35704,31.316674,0.6888,12.42,44.966465,25.666245999999997
2050,4.642456,2.2556,34.715012,0.6888,12.42,48.978860999999995,27.954832999999997
2025,0.0,7.5059,1.3323911000000002,16.3716,12.42,0.2672,9.316374
2030,6.4952601,5.04524,21.706487000000003,16.3327,12.42,26.40734,17.680225
2035,6.4952601,2.81574,25.507654,15.903979999999999,12.42,30.619658,19.884419
2040,6.4952601,2.4444,28.818762,5.02332,12.42,34.709182999999996,22.627330999999998
2045,6.4952601,2.35704,32.452462,0.6888,12.42,38.552947999999994,25.260360000000002
2050,6.4952601,2.2556,35.844262,0.6888,12.42,42.704515,27.954983
2025,0.0,7.5059,0.7748882,16.3716,12.42,0.2672,6.29482
2030,1.6017754,5.04524,22.832196,16.3327,12.42,37.965299,16.659221000000002
2035,1.6017754,2.81574,25.443894,15.903979999999999,12.42,42.049011,18.444681
2040,1.6017754,2.4444,28.055512999999998,5.02332,12.42,46.132512999999996,20.230437000000002
2045,1.6017754,2.35704,30.664862,0.6888,12.42,50.209964,22.024746
2050,1.6017754,2.2556,33.262879,0.6888,12.42,54.257199,23.861754
