year,BIOMASS,COAL_CONV,LI_BATTERY,NATGAS_CONV,NUCLEAR_CONV,SOLAR_FARM,WIND_FARM,NUCLEAR_ADV,COAL_ADV,NATGAS_ADV
2025,0.0,7.5059,1.4234404999999999,16.3716,12.42,0.2672,9.606661899999999,0.0,0.0,0.0
2030,2.7146166,5.04524,27.024179,16.3327,12.42,38.767026,17.138150000000003,0.0,0.0,0.0
2035,2.7146166,2.81574,30.237208,15.903979999999999,12.42,43.376248,18.999333999999998,0.0,0.0,0.0
2040,2.7146166,2.4444,33.437943,5.02332,12.42,47.95854,20.910216000000002,0.0,0.0,0.0
2045,2.7146166,2.35704,36.625594,0.6888,12.42,52.512175000000006,22.873983,0.0,0.0,0.0
2050,2.7146166,2.2556,39.813245,0.6888,12.42,57.065811000000004,24.837749,0.0,0.0,0.0
2025,0.0,7.5059,1.0431716,16.3716,12.42,0.2672,8.554619800000001,0.0,0.0,0.0
2030,3.8268516,5.04524,23.748712,16.3327,12.42,32.4437,17.927436,0.0,0.0,0.0
2035,3.8268516,2.81574,26.240076000000002,15.903979999999999,12.42,36.486095,20.387998,0.0,0.0,0.0
2040,3.8268516,2.4444,29.255194,5.02332,12.42,40.211808,22.697625,0.0,0.0,0.0
2045,3.8268516,2.35704,32.29065,0.6888,12.42,43.906497,25.055053,0.0,0.0,0.0
2050,3.8268516,2.2556,35.331663,0.6888,12.42,47.783583,27.266479,0.0,0.0,0.0
2025,0.0,7.5059,1.1051568,16.3716,12.42,0.2672,8.748531999999999,0.0,0.0,0.0
2030,7.4778322,5.04524,18.324109,16.3327,12.42,17.368205999999997,20.010413,0.0,0.0,0.0
2035,7.4875953,2.81574,21.011648,15.903979999999999,12.42,20.214089,23.53942,0.0,0.0,0.0
2040,7.4875953,2.4444,24.337895,5.02332,12.42,23.446813,26.473264999999998,0.0,0.0,0.0
2045,7.4875953,2.35704,27.6817,0.6888,12.42,26.457237,29.481076,0.0,0.0,0.0
2050,7.4875953,2.2556,31.328838,0.6888,12.42,29.676527999999998,32.188907,0.0,0.0,0.0
2025,0.0,7.5059,1.3517263,16.3716,12.42,0.2672,8.680703,1.3189992e-11,0.0,0.0
2030,4.6477844,5.04524,24.228696,16.3327,12.42,32.881293,15.821007,4.4646256e-09,0.0,0.0
2035,4.6477844,2.81574,27.264461,15.903979999999999,12.42,38.455707000000004,17.358766,4.4648098999999996e-09,0.0,0.0
2040,4.6477844,2.4444,30.900167,5.02332,12.42,43.53354,18.756017,4.4800511e-09,0.0,0.0
2045,4.6477844,2.35704,34.773141,0.6888,12.42,48.147543,20.274142,4.4800511e-09,0.0,0.0
2050,4.6477844,2.2556,38.284279000000005,0.6888,12.42,53.467055,21.609145,4.4800559e-09,0.0,0.0
2025,0.0,7.5059,1.5205499,16.3716,12.42,0.2672,8.5419597,0.0,0.0,0.0
2030,7.2058863,5.04524,20.458848999999997,16.3327,12.42,27.740821,15.505837999999999,0.0,0.0,0.0
2035,7.2058863,2.81574,23.719952000000003,15.903979999999999,12.42,32.258085,18.031192,0.0,0.0,0.0
2040,7.5275134,2.4444,26.690662,5.02332,12.42,35.729510000000005,20.050297999999998,0.0,0.0,0.0
2045,7.5275134,2.35704,30.284741999999998,0.6888,12.42,40.012499000000005,22.524283,0.0,0.0,0.0
2050,7.5275134,2.2556,33.726665999999994,0.6888,12.42,44.425275,25.016956999999998,0.0,0.0,0.0
2025,0.0,7.5059,1.0763619000000002,16.3716,12.42,0.2672,8.88823,0.0,0.0,0.0
2030,3.260941,5.04524,25.830873,16.3327,12.42,37.969809,15.804889,0.0,0.0,0.0
2035,3.260941,2.81574,28.978205999999997,15.903979999999999,12.42,42.626180999999995,17.707269,0.0,0.0,0.0
2040,3.260941,2.4444,32.125539,5.02332,12.42,47.282553,19.609649,0.0,0.0,0.0
2045,3.260941,2.35704,35.272872,0.6888,12.42,51.938925000000005,21.512029,0.0,0.0,0.0
2050,3.260941,2.2556,38.477343999999995,0.6888,12.42,56.560498,23.39885,0.0,0.0,0.0
2025,0.0,7.5059,1.4819042,16.3716,12.42,0.2672,9.5488493,0.0,0.0,0.0
2030,4.2840449,5.04524,25.545624,16.3327,12.42,42.885469,13.729372999999999,0.0,0.0,0.0
2035,4.2840449,2.81574,28.867074,15.903979999999999,12.42,48.398201,15.529939,8.304662500000001e-11,0.0,0.0
2040,4.2840449,2.4444,32.188524,5.02332,12.42,53.910933,17.330506,8.304662500000001e-11,0.0,0.0
2045,4.2840449,2.35704,35.509974,0.6888,12.42,59.423665,19.131072,8.304662500000001e-11,0.0,0.0
2050,4.2840449,2.2556,38.831424,0.6888,12.42,64.936397,20.931639,8.304662500000001e-11,0.0,0.0
2025,0.0,7.5059,1.3614837,16.3716,12.42,0.2672,8.2971238,1.5444019000000002e-09,0.0,0.0
2030,6.0111794,5.04524,22.405548,16.3327,12.42,38.099142,12.553125,1.7450512e-09,0.0,0.0
2035,6.0111794,2.81574,26.142843,15.903979999999999,12.42,43.344874000000004,14.397935,4.7348405e-09,0.0,0.0
2040,6.0111794,2.4444,30.149683,5.02332,12.42,48.337914,16.217378,4.7359338e-09,0.0,0.0
2045,6.0111794,2.35704,35.010216,0.6888,12.42,52.530636,17.95648,4.7359338e-09,0.0,0.0
2050,6.0111794,2.2556,38.889413999999995,0.6888,12.42,57.643337,19.787935,4.7359338e-09,0.0,0.0
2025,0.0,7.5059,1.4024933000000002,16.3716,12.42,0.2672,9.038846900000001,0.0,0.0,0.0
2030,4.5177401,5.04524,23.558339,16.3327,12.42,32.538178,16.545097000000002,0.0,0.0,0.0
2035,4.5177401,2.81574,26.655706,15.903979999999999,12.42,36.859576000000004,18.798242,0.0,0.0,0.0
2040,4.5177401,2.4444,29.758264999999998,5.02332,12.42,41.20666000000001,21.022108,0.0,0.0,0.0
2045,4.5177401,2.35704,32.864436999999995,0.6888,12.42,45.571623,23.225597,0.0,0.0,0.0
2050,4.5177401,2.2556,35.990826999999996,0.6888,12.42,50.036636,25.315051,0.0,0.0,0.0
2025,0.0,7.5059,1.5205499,16.3716,12.42,0.2672,8.7613575,0.0,0.0,0.0
2030,3.4754147,5.04524,24.583721,16.3327,12.42,29.798441999999998,19.373136,0.0,0.0,0.0
2035,3.4754147,2.81574,27.506022,15.903979999999999,12.42,33.493601999999996,21.757402,0.0,0.0,0.0
2040,3.4754147,2.4444,30.466852,5.02332,12.42,37.163296,24.139802,0.0,0.0,0.0
2045,3.4754147,2.35704,33.506108,0.6888,12.42,40.780841,26.519437999999997,0.0,0.0,0.0
2050,3.4754147,2.2556,36.571760999999995,0.6888,12.42,44.381474000000004,28.896035,0.0,0.0,0.0
2025,0.0,7.5059,1.3325067,16.3716,12.42,0.2672,9.3067318,0.0,0.0,0.0
2030,6.2137401,5.04524,21.177748,16.3327,12.42,23.773686,18.191423,2.3636955000000002e-09,0.0,0.0
2035,6.410761000000001,2.81574,24.020967,15.903979999999999,12.42,26.952866999999998,20.688592,4.4370086e-09,0.0,0.0
2040,6.410761000000001,2.4444,27.225355,5.02332,12.42,30.534987,23.507609,4.4370086e-09,0.0,0.0
2045,6.410761000000001,2.35704,30.429637,0.6888,12.42,34.116964,26.327275,4.4372969e-09,0.0,0.0
2050,6.410761000000001,2.2556,33.633919999999996,0.6888,12.42,37.69894,29.146942,4.4372969e-09,0.0,0.0
2025,0.0,7.5059,1.4202621999999998,16.3716,12.42,0.2672,9.6169254,0.0,0.0,0.0
2030,4.4884013000000005,5.04524,22.981233,16.3327,12.42,32.115384,18.619652,0.0,0.0,0.0
2035,4.4884013000000005,2.81574,26.152295,15.903979999999999,12.42,36.308944000000004,21.062373,0.0,0.0,0.0
2040,4.4884013000000005,2.4444,29.374678,5.02332,12.42,40.467743999999996,23.488310000000002,0.0,0.0,0.0
2045,4.4884013000000005,2.35704,32.543869,0.6888,12.42,44.66257100000001,25.931642,0.0,0.0,0.0
2050,4.4884013000000005,2.2556,35.713061,0.6888,12.42,48.857397,28.374975,0.0,0.0,0.0
2025,0.0,7.5059,1.0428108,16.3716,12.42,0.2672,8.5609382,0.0,0.0,0.0
2030,5.0185977,5.04524,24.364697,16.3327,12.42,32.966432999999995,15.579655,0.0,0.0,0.0
2035,5.0185977,2.81574,26.808726,15.903979999999999,12.42,37.306384,18.360665,0.0,0.0,0.0
2040,5.0185977,2.4444,29.47943,5.02332,12.42,41.781662,20.856422,0.0,0.0,0.0
2045,5.0185977,2.35704,32.977069,0.6888,12.42,45.694463000000006,23.064988,0.0,0.0,0.0
2050,5.0185977,2.2556,36.119886,0.6888,12.42,50.056362,25.301531999999998,0.0,0.0,0.0
2025,0.0,7.5059,1.1097801,16.3716,12.42,0.2672,8.7544849,0.0,0.0,0.0
2030,6.3585528,5.04524,20.319776,16.3327,12.42,22.841015,19.183901000000002,0.0,0.0,0.0
2035,6.3585528,2.81574,23.24223,15.903979999999999,12.42,26.447484,22.07531,0.0,0.0,0.0
2040,6.3585528,2.4444,26.362643,5.02332,12.42,30.069483,24.808373,0.0,0.0,0.0
2045,6.3585528,2.35704,29.691799,0.6888,12.42,33.589354,27.457099,0.0,0.0,0.0
2050,6.3585528,2.2556,32.80798,0.6888,12.42,37.171258,30.240544999999997,0.0,0.0,0.0
2025,0.0,7.5059,1.348479,16.3716,12.42,0.2672,8.689589900000001,0.0,0.0,0.0
2030,5.3360209,5.04524,24.01271,16.3327,12.42,34.625208,14.697458000000001,0.0,0.0,0.0
2035,5.3360209,2.81574,27.068241,15.903979999999999,12.42,39.805127,16.907906,0.0,0.0,0.0
2040,5.3360209,2.4444,30.539416000000003,5.02332,12.42,44.647529000000006,18.98883,0.0,0.0,0.0
2045,5.3360209,2.35704,33.928940000000004,0.6888,12.42,49.557610000000004,21.094405,0.0,0.0,0.0
2050,5.3360209,2.2556,37.938466999999996,0.6888,12.42,53.953784,23.0128,0.0,0.0,0.0
2025,0.0,7.5059,1.5174754000000001,16.3716,12.42,0.2672,8.5509715,0.0,0.0,0.0
2030,7.8909806,5.04524,19.881413000000002,16.3327,12.42,30.001485,13.950705,0.0,0.0,0.0
2035,8.0481546,2.81574,22.982742,15.903979999999999,12.42,34.602598,16.301292,0.0,0.0,0.0
2040,8.0752416,2.4444,26.838895,5.02332,12.42,39.238684,18.665271,0.0,0.0,0.0
2045,8.0752416,2.35704,31.606279999999998,0.6888,12.42,43.191413,20.790786,0.0,0.0,0.0
2050,8.0752416,2.2556,35.806225,0.6888,12.42,47.647856,23.100452,0.0,0.0,0.0
2025,0.0,7.5059,1.0809563,16.3716,12.42,0.2672,8.8950414,0.0,0.0,0.0
2030,4.9924598,5.04524,22.417928,16.3327,12.42,37.561879,15.202297,0.0,0.0,0.0
2035,4.9924598,2.81574,25.898968,15.903979999999999,12.42,42.49486,17.183607,1.4944815e-10,0.0,0.0
2040,4.9924598,2.4444,29.817507000000003,5.02332,12.42,47.079347,19.043235,1.4944815e-10,0.0,0.0
2045,4.9924598,2.35704,33.730511,0.6888,12.42,51.670818,20.904034,1.4944815e-10,0.0,0.0
2050,4.9924598,2.2556,37.700288,0.6888,12.42,56.215795,22.749223999999998,1.4967415999999998e-10,0.0,0.0
2025,0.0,7.5059,1.4787926,16.3716,12.42,0.2672,9.5580036,0.0,0.0,0.0
2030,3.5379178000000002,5.04524,17.992587,16.3327,12.42,31.659574,8.8786436,3.55918,0.0,0.0
2035,3.5379178000000002,2.81574,18.741009,15.903979999999999,12.42,34.165266,9.440402200000001,4.330555,0.0,0.0
2040,3.5379178000000002,2.4444,21.796354,5.02332,12.42,40.777052000000005,11.246464,4.330555,0.0,0.0
2045,3.5379178000000002,2.35704,25.078147,0.6888,12.42,47.160006,13.062529,4.330555,0.0,0.0
2050,3.7420098,2.2556,28.5583,0.6888,12.42,52.103156000000006,14.703021000000001,4.330555,0.0,0.0
2025,0.0,7.5059,1.3582545,16.3716,12.42,0.2672,8.305191,0.0,0.0,0.0
2030,4.1979627,5.04524,17.376223000000003,16.3327,12.42,33.316435,7.625831,3.1778267999999996,0.0,0.0
2035,4.1979627,2.81574,18.42248,15.903979999999999,12.42,36.137449000000004,8.222505499999999,3.8876948000000002,0.0,0.0
2040,4.1979627,2.4444,22.201989,5.02332,12.42,42.285483,9.7691526,3.8876948000000002,0.0,0.0
2045,4.1979627,2.35704,25.67694,0.6888,12.42,48.883705,11.313345,3.8876948000000002,0.0,0.0
2050,4.1979627,2.2556,29.632719,0.6888,12.42,54.939173000000004,12.840851,3.8876948000000002,0.0,0.0
2025,0.0,7.5059,1.3992896000000001,16.3716,12.42,0.2672,9.048733700000001,0.0,0.0,0.0
2030,5.0848062,5.04524,22.864305,16.3327,12.42,33.823822,15.705865,0.0,0.0,0.0
2035,5.0848062,2.81574,26.028038000000002,15.903979999999999,12.42,38.43905,17.871335,0.0,0.0,0.0
2040,5.0848062,2.4444,29.19177,5.02332,12.42,43.054278,20.036804,0.0,0.0,0.0
2045,5.0848062,2.35704,32.355502,0.6888,12.42,47.669506,22.202274000000003,0.0,0.0,0.0
2050,5.0848062,2.2556,35.519048000000005,0.6888,12.42,52.283175,24.368904999999998,0.0,0.0,0.0
2025,0.0,7.5059,1.5174754000000001,16.3716,12.42,0.2672,8.7701208,0.0,0.0,0.0
2030,4.033219,5.04524,23.149155999999998,16.3327,12.42,29.414917000000003,19.052399,0.0,0.0,0.0
2035,4.033219,2.81574,26.10283,15.903979999999999,12.42,33.143716999999995,21.465713,0.0,0.0,0.0
2040,4.033219,2.4444,29.056504,5.02332,12.42,36.872517,23.879026999999997,0.0,0.0,0.0
2045,4.033219,2.35704,32.009716,0.6888,12.42,40.598839999999996,26.299946,0.0,0.0,0.0
2050,4.033219,2.2556,34.962477,0.6888,12.42,44.322755,28.728263,0.0,0.0,0.0
2025,0.0,7.5059,1.3292555,16.3716,12.42,0.2672,9.3154732,7.9923366e-10,0.0,0.0
2030,6.3959237,5.04524,21.008278999999998,16.3327,12.42,25.192211,18.393392,8.2381417e-10,0.0,0.0
2035,6.9407646000000005,2.81574,23.212127,15.903979999999999,12.42,27.723447,20.374727,8.2952018e-10,0.0,0.0
2040,6.9407646000000005,2.4444,26.85697,5.02332,12.42,31.207141,23.081631,8.3294243e-10,0.0,0.0
2045,6.9407646000000005,2.35704,30.951106,0.6888,12.42,34.441597,25.621585,8.3294243e-10,0.0,0.0
2050,6.9407646000000005,2.2556,34.383435,0.6888,12.42,38.087216,28.407557,8.3294243e-10,0.0,0.0
2025,0.0,7.5059,1.4205932000000001,16.3716,12.42,0.2672,9.6037626,0.0,0.0,0.0
2030,4.260308,5.04524,14.60759,16.3327,12.42,22.346534,8.924402599999999,4.4282202999999996,0.0,0.0
2035,4.260308,2.81574,14.805253,15.903979999999999,12.42,24.802476,7.1501671,5.538070800000001,0.0,0.0
2040,4.260308,2.4444,17.054235000000002,5.02332,12.42,27.989397,8.9767817,5.9790231,0.0,0.0
2045,4.260308,2.35704,21.076181000000002,0.6888,12.42,34.9897,10.178601,5.9790231,0.0,0.0
2050,4.260308,2.2556,25.235062000000003,0.6888,12.42,41.993634,11.232319,5.9790231,0.0,0.0
2025,0.0,7.5059,1.0425227,16.3716,12.42,0.2672,8.550938799999999,0.0,0.0,0.0
2030,6.6126246,5.04524,22.131451000000002,16.3327,12.42,27.438551,15.45566,0.0,0.0,0.0
2035,6.763585600000001,2.81574,25.423384,15.903979999999999,12.42,31.656696,17.12763,0.0,0.0,0.0
2040,6.763585600000001,2.4444,29.037536,5.02332,12.42,35.682408,19.524321,0.0,0.0,0.0
2045,6.763585600000001,2.35704,32.966624,0.6888,12.42,39.646622,21.794254000000002,0.0,0.0,0.0
2050,6.763585600000001,2.2556,36.294962,0.6888,12.42,44.048644,24.294247,0.0,0.0,0.0
2025,0.0,7.5059,1.1060413,16.3716,12.42,0.2672,8.744027299999999,0.0,0.0,0.0
2030,4.9983328,5.04524,22.454100999999998,16.3327,12.42,30.488531,17.385416,0.0,0.0,0.0
2035,4.9983328,2.81574,25.212109,15.903979999999999,12.42,35.211854,19.641934000000003,0.0,0.0,0.0
2040,4.9983328,2.4444,29.004134999999998,5.02332,12.42,38.315613,22.273642,0.0,0.0,0.0
2045,4.9983328,2.35704,31.92289,0.6888,12.42,42.975108,24.512701,0.0,0.0,0.0
2050,4.9983328,2.2556,35.017201,0.6888,12.42,47.999552,26.348592,0.0,0.0,0.0
2025,0.0,7.5059,1.3489205,16.3716,12.42,0.2672,8.6770656,0.0,0.0,0.0
2030,4.973487100000001,5.04524,22.544145,16.3327,12.42,37.866433,14.627818,0.0,0.0,0.0
2035,4.973487100000001,2.81574,25.561799999999998,15.903979999999999,12.42,43.193957000000005,16.565256,0.0,0.0,0.0
2040,4.973487100000001,2.4444,28.500935000000002,5.02332,12.42,49.519286,17.934666,0.0,0.0,0.0
2045,4.973487100000001,2.35704,31.529276999999997,0.6888,12.42,54.711,19.949418,0.0,0.0,0.0
2050,4.973487100000001,2.2556,34.557618999999995,0.6888,12.42,59.902714,21.964169000000002,0.0,0.0,0.0
2025,0.0,7.5059,1.5176733999999998,16.3716,12.42,0.2672,8.538883599999998,0.0,0.0,0.0
2030,7.7195429,5.04524,21.270716,16.3327,12.42,30.538854999999998,13.466784,0.0,0.0,0.0
2035,8.4152457,2.81574,23.48301,15.903979999999999,12.42,33.591063000000005,14.918194999999999,0.0,0.0,0.0
2040,8.4152457,2.4444,27.629199,5.02332,12.42,38.252576999999995,17.183584,0.0,0.0,0.0
2045,8.4152457,2.35704,31.899267,0.6888,12.42,42.800281999999996,19.410277999999998,0.0,0.0,0.0
2050,8.4152457,2.2556,35.530352,0.6888,12.42,47.935025,21.836568,0.0,0.0,0.0
2025,0.0,7.5059,1.0772574,16.3716,12.42,0.2672,8.883970600000001,0.0,0.0,0.0
2030,4.867204,5.04524,23.224981,16.3327,12.42,37.838575,14.092113999999999,0.0,0.0,0.0
2035,4.9738453,2.81574,26.545716,15.903979999999999,12.42,42.388529999999996,15.816930000000001,0.0,0.0,0.0
2040,4.9738453,2.4444,30.139467,5.02332,12.42,47.232757,17.632831,0.0,0.0,0.0
2045,4.9738453,2.35704,33.61243,0.6888,12.42,52.22418,19.470984,0.0,0.0,0.0
2050,4.9738453,2.2556,37.085184999999996,0.6888,12.42,57.220119,21.308451,0.0,0.0,0.0
2025,0.0,7.5059,1.4790455999999998,16.3716,12.42,0.2672,9.544416499999999,0.0,0.0,0.0
2030,4.9582359,5.04524,23.686425,16.3327,12.42,35.170128,15.872767,0.0,0.0,0.0
2035,5.1864084,2.81574,26.511999,15.903979999999999,12.42,39.25757,17.760776,0.0,0.0,0.0
2040,5.1864084,2.4444,29.75927,5.02332,12.42,44.020413999999995,19.912596,0.0,0.0,0.0
2045,5.1864084,2.35704,33.005152,0.6888,12.42,48.778275,22.078627,0.0,0.0,0.0
2050,5.1864084,2.2556,36.252233,0.6888,12.42,53.535099,24.24463,0.0,0.0,0.0
2025,0.0,7.5059,1.3586661999999998,16.3716,12.42,0.2672,8.2940442,0.0,0.0,0.0
2030,3.7882072,5.04524,25.845318,16.3327,12.42,41.333400000000005,13.986703,0.0,0.0,0.0
2035,3.7882072,2.81574,29.086896,15.903979999999999,12.42,46.466807,15.748033,0.0,0.0,0.0
2040,3.7882072,2.4444,32.328474,5.02332,12.42,51.600214,17.509363,0.0,0.0,0.0
2045,3.7882072,2.35704,35.582958,0.6888,12.42,56.72275,19.269744,0.0,0.0,0.0
2050,3.7882072,2.2556,38.839866,0.6888,12.42,61.843243,21.029947,0.0,0.0,0.0
2025,0.0,7.5059,1.3996733,16.3716,12.42,0.2672,9.034520800000001,0.0,0.0,0.0
2030,3.6597761,5.04524,24.681527,16.3327,12.42,32.019901000000004,17.908238,0.0,0.0,0.0
2035,3.6597761,2.81574,27.709571,15.903979999999999,12.42,35.856686,20.150942999999998,0.0,0.0,0.0
2040,3.6597761,2.4444,30.781959,5.02332,12.42,39.659118,22.389602999999997,0.0,0.0,0.0
2045,3.6597761,2.35704,33.852813999999995,0.6888,12.42,43.463535,24.6337,0.0,0.0,0.0
2050,3.6597761,2.2556,36.917535,0.6888,12.42,47.287895,26.894852,0.0,0.0,0.0
2025,0.0,7.5059,1.5176733999999998,16.3716,12.42,0.2672,8.7581595,0.0,0.0,0.0
2030,2.4456748999999998,5.04524,26.330877,16.3327,12.42,38.156833,17.217316,0.0,0.0,0.0
2035,2.4456748999999998,2.81574,29.279991000000003,15.903979999999999,12.42,42.494574,19.191443,0.0,0.0,0.0
2040,2.4456748999999998,2.4444,32.229047,5.02332,12.42,46.831676,21.166539,0.0,0.0,0.0
2045,2.4456748999999998,2.35704,35.178067000000006,0.6888,12.42,51.168366999999996,23.142255000000002,0.0,0.0,0.0
2050,2.4456748999999998,2.2556,38.127047,0.6888,12.42,55.504621,25.118633000000003,0.0,0.0,0.0
2025,0.0,7.5059,1.329703,16.3716,12.42,0.2672,9.3031234,0.0,0.0,0.0
2030,6.8666051,5.04524,21.440918,16.3327,12.42,27.030697,16.337447,0.0,0.0,0.0
2035,7.4385757,2.81574,23.816363000000003,15.903979999999999,12.42,29.846194,18.096898,0.0,0.0,0.0
2040,7.4385757,2.4444,27.599069,5.02332,12.42,33.833546999999996,20.633743,0.0,0.0,0.0
2045,7.4385757,2.35704,31.103223999999997,0.6888,12.42,38.014595,23.268484,0.0,0.0,0.0
2050,7.4385757,2.2556,34.607379,0.6888,12.42,42.195643,25.903225,0.0,0.0,0.0
2025,0.0,7.5059,1.4218707,16.3716,12.42,0.2672,9.6160939,7.8167764e-11,0.0,0.0
2030,3.3480374999999998,5.04524,13.887259,16.3327,12.42,22.417555,8.9367339,4.8186439,0.0,0.0
2035,3.3480374999999998,2.81574,16.022165,15.903979999999999,12.42,26.849622,8.773554899999999,5.3291582,0.0,0.0
2040,3.3822633,2.4444,19.559261,5.02332,12.42,32.93403,10.423325,5.3291582,0.0,0.0
2045,3.3822633,2.35704,23.433087,0.6888,12.42,38.806233,12.091697,5.3291582,0.0,0.0
2050,3.3822633,2.2556,27.034544,0.6888,12.42,44.630254,14.132402,5.3291582,0.0,0.0
2025,0.0,7.5059,1.0425159000000002,16.3716,12.42,0.2672,8.5617512,0.0,0.0,0.0
2030,5.5867747,5.04524,21.032828000000002,16.3327,12.42,33.43601,15.16585,0.0,0.0,0.0
2035,5.5867747,2.81574,23.884291,15.903979999999999,12.42,38.31518,17.354868999999997,0.0,0.0,0.0
2040,5.5867747,2.4444,27.170672,5.02332,12.42,42.843939,19.526362000000002,0.0,0.0,0.0
2045,5.5867747,2.35704,30.384401,0.6888,12.42,47.498225,21.692915,0.0,0.0,0.0
2050,5.5867747,2.2556,33.845307,0.6888,12.42,51.939728,23.850432,0.0,0.0,0.0
2025,0.0,7.5059,1.1062247,16.3716,12.42,0.2672,8.7544574,0.0,0.0,0.0
2030,6.6618672,5.04524,20.568548999999997,16.3327,12.42,21.534979,18.964778,2.379451e-09,0.0,0.0
2035,6.6618672,2.81574,23.438828,15.903979999999999,12.42,25.14565,21.99633,3.4265696000000004e-09,0.0,0.0
2040,6.6618672,2.4444,26.209352,5.02332,12.42,28.806398,25.088712,3.4265696000000004e-09,0.0,0.0
2045,6.6618672,2.35704,29.827825,0.6888,12.42,32.349802,27.557359,3.4266154e-09,0.0,0.0
2050,6.6618672,2.2556,33.000955000000005,0.6888,12.42,36.013278,30.366555,3.4266154e-09,0.0,0.0
2025,0.0,7.5059,1.3501283000000002,16.3716,12.42,0.2672,8.687055399999998,0.0,0.0,0.0
2030,3.5412485,5.04524,24.807907,16.3327,12.42,39.925036999999996,14.588996999999999,0.0,0.0,0.0
2035,3.5412485,2.81574,27.886195999999998,15.903979999999999,12.42,44.511165,16.591839,0.0,0.0,0.0
2040,3.5412485,2.4444,30.957183,5.02332,12.42,49.946743000000005,18.021774,0.0,0.0,0.0
2045,3.5412485,2.35704,34.028731,0.6888,12.42,55.361255,19.465768,0.0,0.0,0.0
2050,3.5412485,2.2556,37.113023999999996,0.6888,12.42,60.297290999999994,21.229069,0.0,0.0,0.0
2025,0.0,7.5059,1.5190755,16.3716,12.42,0.2672,8.5493872,0.0,0.0,0.0
2030,7.4750096,5.04524,18.617562000000003,16.3327,12.42,25.463615,16.361697,0.0,0.0,0.0
2035,7.4750096,2.81574,21.497484,15.903979999999999,12.42,29.780545999999998,19.125988,0.0,0.0,0.0
2040,7.4750096,2.4444,25.084193,5.02332,12.42,33.622436,21.767606,0.0,0.0,0.0
2045,7.4750096,2.35704,28.376595000000002,0.6888,12.42,37.71276,24.453597000000002,0.0,0.0,0.0
2050,7.4750096,2.2556,31.448977,0.6888,12.42,41.972029,27.174141,0.0,0.0,0.0
2025,0.0,7.5059,1.0774035,16.3716,12.42,0.2672,8.894807199999999,0.0,0.0,0.0
2030,3.5017721,5.04524,25.659202,16.3327,12.42,35.005936,15.987734,3.296153e-09,0.0,0.0
2035,3.5017721,2.81574,28.839622,15.903979999999999,12.42,39.373489,17.945613,3.2972566e-09,0.0,0.0
2040,3.5017721,2.4444,32.020041,5.02332,12.42,43.741040999999996,19.903492,3.2972566e-09,0.0,0.0
2045,3.5017721,2.35704,35.200461000000004,0.6888,12.42,48.108593,21.861369999999997,3.2972566e-09,0.0,0.0
2050,3.5017721,2.2556,38.38088,0.6888,12.42,52.476144999999995,23.819249,3.2972566e-09,0.0,0.0
2025,0.0,7.5059,1.4803963000000002,16.3716,12.42,0.2672,9.5570952,0.0,0.0,0.0
2030,5.682115,5.04524,23.087804,16.3327,12.42,33.58118,16.004905,0.0,0.0,0.0
2035,6.0847185,2.81574,26.387233000000002,15.903979999999999,12.42,36.670286,17.616152999999997,0.0,0.0,0.0
2040,6.0847185,2.4444,29.820358,5.02332,12.42,41.303365,20.001587999999998,0.0,0.0,0.0
2045,6.0847185,2.35704,33.342631999999995,0.6888,12.42,45.86943,22.358097,0.0,0.0,0.0
2050,6.0847185,2.2556,35.887367,0.6888,12.42,51.17031,25.03179,0.0,0.0,0.0
2025,0.0,7.5059,1.359873,16.3716,12.42,0.2672,8.3042318,0.0,0.0,0.0
2030,4.345462599999999,5.04524,24.436436,16.3327,12.42,41.721419000000004,13.456535,2.6593627e-11,0.0,0.0
2035,4.345462599999999,2.81574,27.709754,15.903979999999999,12.42,47.121817,15.207153,3.1584311e-11,0.0,0.0
2040,4.345462599999999,2.4444,30.983073,5.02332,12.42,52.522214999999996,16.957771,1.4821491e-09,0.0,0.0
2045,4.345462599999999,2.35704,34.897398,0.6888,12.42,57.319568,18.666154,1.4837852999999998e-09,0.0,0.0
2050,4.345462599999999,2.2556,38.084917999999995,0.6888,12.42,62.800652,20.422485,1.4837852999999998e-09,0.0,0.0
2025,0.0,7.5059,1.4009176,16.3716,12.42,0.2672,9.0466037,0.0,0.0,0.0
2030,4.0188258,5.04524,23.757385,16.3327,12.42,31.32218,18.097178,0.0,0.0,0.0
2035,4.0188258,2.81574,26.703066,15.903979999999999,12.42,35.325672,20.442329,0.0,0.0,0.0
2040,4.0188258,2.4444,29.701179,5.02332,12.42,39.289112,22.783892,0.0,0.0,0.0
2045,4.0188258,2.35704,32.712268,0.6888,12.42,43.238434,25.132686000000003,0.0,0.0,0.0
2050,4.0188258,2.2556,35.718694000000006,0.6888,12.42,47.217228000000006,27.488205,0.0,0.0,0.0
2025,0.0,7.5059,1.5190755,16.3716,12.42,0.2672,8.769356,1.7156735e-10,0.0,0.0
2030,4.3983644,5.04524,22.534804,16.3327,12.42,35.564631,16.290292,1.719019e-10,0.0,0.0
2035,4.3983644,2.81574,25.396514,15.903979999999999,12.42,40.319839,18.435568,1.8154796e-10,0.0,0.0
2040,4.3983644,2.4444,28.258173,5.02332,12.42,45.074852,20.581388,2.3123408e-10,0.0,0.0
2045,4.3983644,2.35704,31.792698,0.6888,12.42,49.258050000000004,22.691412,2.42559e-10,0.0,0.0
2050,4.3983644,2.2556,35.66298200000001,0.6888,12.42,53.157368999999996,24.780296999999997,2.42559e-10,0.0,0.0
2025,0.0,7.5059,1.3308839000000001,16.3716,12.42,0.2672,9.3140723,0.0,0.0,0.0
2030,7.012236,5.04524,19.651074,16.3327,12.42,24.927255000000002,16.785198,0.0,0.0,0.0
2035,7.417998,2.81574,21.895969,15.903979999999999,12.42,28.125676,18.925824000000002,0.0,0.0,0.0
2040,7.417998,2.4444,25.168741,5.02332,12.42,32.005687,21.676771000000002,0.0,0.0,0.0
2045,7.417998,2.35704,28.434658,0.6888,12.42,35.890440000000005,24.43029,0.0,0.0,0.0
2050,7.417998,2.2556,32.024629,0.6888,12.42,39.510574,27.146275000000003,0.0,0.0,0.0
2025,0.0,7.5059,1.4194666,16.3716,12.42,0.2672,9.61788,0.0,0.0,0.0
2030,3.641448,5.04524,13.027198,16.3327,12.42,22.341866999999997,8.93852,4.8181039,0.0,0.0
2035,3.641448,2.81574,13.862632,15.903979999999999,12.42,25.015119,8.4821989,5.6753138,0.0,0.0
2040,3.641448,2.4444,17.249776,5.02332,12.42,29.995892,9.9788442,5.8470913,0.0,0.0
2045,3.641448,2.35704,20.861691999999998,0.6888,12.42,36.31392700000001,11.798341,5.8470913,0.0,0.0
2050,3.641448,2.2556,24.695346,0.6888,12.42,42.11366,13.804253000000001,5.8470913,0.0,0.0
2025,0.0,7.5059,1.0424685,16.3716,12.42,0.2672,8.562873100000001,0.0,0.0,0.0
2030,5.950505199999999,5.04524,20.558425,16.3327,12.42,31.613277999999998,15.522848,0.0,0.0,0.0
2035,5.950505199999999,2.81574,23.414740000000002,15.903979999999999,12.42,36.457206,17.835486,0.0,0.0,0.0
2040,5.950505199999999,2.4444,26.753984,5.02332,12.42,40.90907,20.088759,0.0,0.0,0.0
2045,5.950505199999999,2.35704,30.398709,0.6888,12.42,45.105627,22.304664,0.0,0.0,0.0
2050,5.950505199999999,2.2556,33.653377,0.6888,12.42,49.628178,24.568283,0.0,0.0,0.0
2025,0.0,7.5059,1.1015409,16.3716,12.42,0.2672,8.7570732,0.0,0.0,0.0
2030,7.3227195,5.04524,19.317104,16.3327,12.42,24.285751,18.186996999999998,0.0,0.0,0.0
2035,7.4058413,2.81574,22.899900000000002,15.903979999999999,12.42,27.794416000000002,20.625148,0.0,0.0,0.0
2040,7.4058413,2.4444,26.565174,5.02332,12.42,31.614787,23.220104,0.0,0.0,0.0
2045,7.4058413,2.35704,29.50398,0.6888,12.42,35.784504,26.285550999999998,0.0,0.0,0.0
2050,7.4058413,2.2556,32.984307,0.6888,12.42,39.67653,29.027279,0.0,0.0,0.0
2025,0.0,7.5059,1.3476898000000002,16.3716,12.42,0.2672,8.689759400000002,0.0,0.0,0.0
2030,6.8151272,5.04524,21.064746,16.3327,12.42,31.395656,14.268284,0.15778824,0.0,0.0
2035,6.9652937,2.81574,24.338759,15.903979999999999,12.42,35.839307,16.440755,0.15778824,0.0,0.0
2040,6.9652937,2.4444,27.888293,5.02332,12.42,40.828668,18.78053,0.15778824,0.0,0.0
2045,6.9652937,2.35704,31.430992,0.6888,12.42,45.830448,21.119332999999997,0.15778824,0.0,0.0
2050,6.9652937,2.2556,35.256667,0.6888,12.42,51.127078000000004,23.108501,0.15778824,0.0,0.0
2025,0.0,7.5059,1.5166895,16.3716,12.42,0.2672,8.5507744,0.0,0.0,0.0
2030,8.314890799999999,5.04524,16.663332999999998,16.3327,12.42,23.80117,16.225292,1.7288251e-12,0.0,0.0
2035,8.4062919,2.81574,20.107827,15.903979999999999,12.42,27.258788,18.896555,1.0923398e-10,0.0,0.0
2040,8.4062919,2.4444,23.375147000000002,5.02332,12.42,31.255333,21.778443,5.4075523e-10,0.0,0.0
2045,8.4062919,2.35704,27.6402,0.6888,12.42,34.520123,24.468034,5.4075523e-10,0.0,0.0
2050,8.4062919,2.2556,30.746339,0.6888,12.42,38.724515,27.372002000000002,5.4075523e-10,0.0,0.0
2025,0.0,7.5059,1.0727215,16.3716,12.42,0.2672,8.8966054,0.0,0.0,0.0
2030,3.5192805,5.04524,25.388711999999998,16.3327,12.42,41.12773,14.896437,0.0,0.0,0.0
2035,3.5192805,2.81574,28.434465,15.903979999999999,12.42,46.185050000000004,16.782698,0.0,0.0,0.0
2040,3.5192805,2.4444,31.480218,5.02332,12.42,51.24237,18.66896,0.0,0.0,0.0
2045,3.5192805,2.35704,35.404914,0.6888,12.42,55.669275999999996,20.258492999999998,0.0,0.0,0.0
2050,3.5192805,2.2556,38.285565999999996,0.6888,12.42,60.961814,22.122143,0.0,0.0,0.0
2025,0.0,7.5059,1.4779999,16.3716,12.42,0.2672,9.5591319,-1.6479054e-10,1.8773077e-08,3.9803467e-06
2030,4.4729347,5.04524,20.867301,16.3327,12.42,34.767355,12.181492,1.4685565999999999,4.9367441000000006e-08,4.105369e-06
2035,4.4729347,2.8157401,24.349988,15.903979999999999,12.42,40.185369,14.104168,1.4685565999999999,8.0811861e-08,4.28565e-06
2040,4.4729347,2.4444000999999997,27.531605,5.0233202,12.42,46.024282,15.975386,1.4685565999999999,1.4807205999999998e-07,4.3764419e-06
2045,4.4729347,2.3570401000000003,30.651065,0.6888003,12.42,51.946225,17.838425,1.4685565999999999,1.7163296e-07,1.2302201e-05
2050,4.4729347,2.2556002,33.912474,0.6888003,12.42,57.671531,19.726602,1.4685565999999999,2.0979742000000002e-07,2.1600398e-05
2025,0.0,7.5059,1.3574583,16.3716,12.42,0.2672,8.3057265,0.0,0.0,0.0
2030,6.0552114,5.04524,20.28356,16.3327,12.42,35.200438000000005,11.353637,0.6588858400000001,0.0,0.0
2035,6.0552114,2.81574,23.543748,15.903979999999999,12.42,41.119779,13.214291999999999,0.6588858400000001,0.0,0.0
2040,6.0552114,2.4444,26.921841,5.02332,12.42,46.931785000000005,15.063781,0.6588858400000001,0.0,0.0
2045,6.0552114,2.35704,30.883951,0.6888,12.42,52.090306,16.869189,0.6588858400000001,0.0,0.0
2050,6.0552114,2.2556,34.494771,0.6888,12.42,57.644235,18.700897,0.6588858400000001,0.0,0.0
2025,0.0,7.5059,1.3985174,16.3716,12.42,0.2672,9.047687,0.0,0.0,0.0
2030,6.1287310999999995,5.04524,22.53379,16.3327,12.42,31.077213,15.158168,0.0,0.0,0.0
2035,6.1287310999999995,2.81574,25.390096,15.903979999999999,12.42,36.361644,17.474694,0.0,0.0,0.0
2040,6.1287310999999995,2.4444,28.714663,5.02332,12.42,41.127995000000006,19.747256,0.0,0.0,0.0
2045,6.1287310999999995,2.35704,32.558464,0.6888,12.42,45.318905,21.971863000000003,0.0,0.0,0.0
2050,6.1287310999999995,2.2556,35.787102,0.6888,12.42,50.188136,24.256111,0.0,0.0,0.0
2025,0.0,7.5059,1.5166895,16.3716,12.42,0.2672,8.7703208,0.0,0.0,0.0
2030,5.753176099999999,5.04524,20.956925,16.3327,12.42,35.961081,14.182711,0.0,0.0,0.0
2035,5.753176099999999,2.81574,23.729312,15.903979999999999,12.42,41.448089,16.228977999999998,0.0,0.0,0.0
2040,5.753176099999999,2.4444,26.76963,5.02332,12.42,46.650954,18.32117,0.0,0.0,0.0
2045,5.753176099999999,2.35704,30.502022,0.6888,12.42,51.181581,20.410211999999998,0.0,0.0,0.0
2050,5.753176099999999,2.2556,33.844649,0.6888,12.42,56.092159,22.498348999999997,0.0,0.0,0.0
2025,0.0,7.5059,1.3284619,16.3716,12.42,0.2672,9.3158565,1.167031e-10,0.0,0.0
2030,6.611277,5.04524,16.644472,16.3327,12.42,23.68908,15.332745000000001,1.2922225,0.0,0.0
2035,7.1918008,2.81574,18.692728,15.903979999999999,12.42,26.669696,17.313607,1.2922225,0.0,0.0
2040,7.235587000000001,2.4444,21.663033,5.02332,12.42,31.016403999999998,20.222572,1.2922225,0.0,0.0
2045,7.235587000000001,2.35704,25.39971,0.6888,12.42,35.417334000000004,22.891424999999998,1.2922225,0.0,0.0
2050,7.235587000000001,2.2556,29.175378000000002,0.6888,12.42,39.814216,25.544226,1.2922225,0.0,0.0
2025,0.0,7.5059,1.4146959,16.3716,12.42,0.2672,9.612313,7.558208e-09,3.6228126e-08,1.4667167999999998e-06
2030,4.577267,5.04524,24.064724,16.3327,12.42,38.875807,12.817932,0.46651685,4.8970083e-08,1.6020558e-06
2035,4.577267,2.81574,27.041196,15.903979999999999,12.42,44.916074,14.601460999999999,0.46651687,7.0452784e-08,1.8017567999999998e-06
2040,4.577267,2.4444,30.45661,5.02332,12.42,50.462305,16.373832,0.46651687,9.011656399999999e-08,2.0175702e-06
2045,4.577267,2.35704,34.092184,0.68880019,12.42,55.764497999999996,18.136635,0.46651687,1.1578439e-07,7.5934967e-06
2050,4.577267,2.2556003000000002,37.791205000000005,0.68880036,12.42,61.003275,19.895377,0.46651687,1.8957549e-07,7.7043456e-06
2025,0.0,7.5059,1.0421633,16.3716,12.42,0.2672,8.557084399999999,0.0,0.0,0.0
2030,5.6272952,5.04524,22.433545,16.3327,12.42,33.340074,14.270954,0.0,0.0,0.0
2035,5.6272952,2.81574,25.641883999999997,15.903979999999999,12.42,38.051089999999995,16.339299999999998,0.0,0.0,0.0
2040,5.6272952,2.4444,29.066603999999998,5.02332,12.42,42.657302,18.378077,0.0,0.0,0.0
2045,5.6272952,2.35704,32.756919,0.6888,12.42,47.0402,20.394444,0.0,0.0,0.0
2050,5.6272952,2.2556,35.766562,0.6888,12.42,52.035015,22.465296,0.0,0.0,0.0
2025,0.0,7.5059,1.1017031,16.3716,12.42,0.2672,8.751076300000001,0.0,0.0,0.0
2030,5.0186811,5.04524,22.154628,16.3327,12.42,32.003510999999996,17.523864,2.890769e-09,0.0,0.0
2035,5.0186811,2.81574,24.061449,15.903979999999999,12.42,37.402607,19.849383000000003,2.8912457e-09,0.0,0.0
2040,5.0186811,2.4444,26.914702000000002,5.02332,12.42,41.854315,22.272791,2.8912457e-09,0.0,0.0
2045,5.0186811,2.35704,30.639228,0.6888,12.42,45.453663,24.778328000000002,2.8915210000000003e-09,0.0,0.0
2050,5.0186811,2.2556,33.081101000000004,0.6888,12.42,50.408673,27.141139,2.8915210000000003e-09,0.0,0.0
2025,0.0,7.5059,1.3429702,16.3716,12.42,0.2672,8.6842797,0.0,0.0,0.0
2030,4.2358004000000005,5.04524,24.923741999999997,16.3327,12.42,36.831427000000005,14.342644,0.0,0.0,0.0
2035,4.2358004000000005,2.81574,28.060575,15.903979999999999,12.42,43.171148,15.274833000000001,0.0,0.0,0.0
2040,4.2358004000000005,2.4444,31.714686,5.02332,12.42,48.376435,16.555736,0.0,0.0,0.0
2045,4.2358004000000005,2.35704,35.631231,0.6888,12.42,52.242127999999994,18.520263,0.0,0.0,0.0
2050,4.2358004000000005,2.2556,39.281174,0.6888,12.42,56.78527,20.243543000000003,0.0,0.0,0.0
2025,0.0,7.5059,1.5118633,16.3716,12.42,0.2672,8.5464096,0.0,0.0,0.0
2030,7.5911526,5.04524,19.11018,16.3327,12.42,25.235049999999998,16.139161,0.0,0.0,0.0
2035,8.1477386,2.81574,21.482446,15.903979999999999,12.42,27.93245,18.011861,0.0,0.0,0.0
2040,8.1477386,2.4444,24.744705999999997,5.02332,12.42,32.006046999999995,20.850851,0.0,0.0,0.0
2045,8.1477386,2.35704,28.378434000000002,0.6888,12.42,35.901000999999994,23.543637999999998,0.0,0.0,0.0
2050,8.1477386,2.2556,32.258197,0.6888,12.42,39.623596,26.149666,0.0,0.0,0.0
2025,0.0,7.5059,1.0728932,16.3716,12.42,0.2672,8.8913662,0.0,0.0,0.0
2030,4.5584993,5.04524,23.163783,16.3327,12.42,32.613949,16.206984000000002,0.0,0.0,0.0
2035,4.5584993,2.81574,26.2767,15.903979999999999,12.42,36.939674,18.366426,0.0,0.0,0.0
2040,4.5584993,2.4444,29.383888,5.02332,12.42,41.317963000000006,20.521169,0.0,0.0,0.0
2045,4.5584993,2.35704,33.92702,0.6888,12.42,44.72904,22.256376,0.0,0.0,0.0
2050,4.5584993,2.2556,36.923004,0.6888,12.42,49.198767,24.436269,0.0,0.0,0.0
2025,0.0,7.5059,1.4731986,16.3716,12.42,0.2672,9.5535356,0.0,0.0,0.0
2030,5.906834300000001,5.04524,22.335432,16.3327,12.42,30.420649,16.465066,0.0,0.0,0.0
2035,5.906834300000001,2.81574,25.286559,15.903979999999999,12.42,34.993879,19.107976999999998,0.0,0.0,0.0
2040,5.906834300000001,2.4444,29.077784,5.02332,12.42,38.988978,21.465521,0.0,0.0,0.0
2045,5.906834300000001,2.35704,32.721251,0.6888,12.42,43.08576,23.873256,0.0,0.0,0.0
2050,5.906834300000001,2.2556,35.527394,0.6888,12.42,47.758763,26.565415,0.0,0.0,0.0
2025,0.0,7.5059,1.3527240999999999,16.3716,12.42,0.2672,8.3009307,0.0,0.0,0.0
2030,4.3768972999999995,5.04524,24.619078000000002,16.3327,12.42,37.817445,14.418911,0.0,0.0,0.0
2035,4.3768972999999995,2.81574,27.844288,15.903979999999999,12.42,42.72104,16.306216,0.0,0.0,0.0
2040,4.3768972999999995,2.4444,31.069499,5.02332,12.42,47.624635000000005,18.19352,0.0,0.0,0.0
2045,4.3768972999999995,2.35704,34.29471,0.6888,12.42,52.52823,20.080825,0.0,0.0,0.0
2050,4.3768972999999995,2.2556,37.51992,0.6888,12.42,57.431824,21.968129,0.0,0.0,0.0
2025,0.0,7.5059,1.3937446,16.3716,12.42,0.2672,9.043603800000001,0.0,0.0,0.0
2030,4.0888982,5.04524,23.769054,16.3327,12.42,36.765409,16.850454000000003,0.0,0.0,0.0
2035,4.0888982,2.81574,26.475681,15.903979999999999,12.42,41.669661999999995,19.041310000000003,0.0,0.0,0.0
2040,4.0888982,2.4444,29.668598999999997,5.02332,12.42,46.135585,21.193002,0.0,0.0,0.0
2045,4.0888982,2.35704,32.39195,0.6888,12.42,51.024157,23.383567,0.0,0.0,0.0
2050,4.0888982,2.2556,35.830709000000006,0.6888,12.42,55.267418,25.517322,0.0,0.0,0.0
2025,0.0,7.5059,1.5118633,16.3716,12.42,0.2672,8.7663288,0.0,0.0,0.0
2030,4.9782521,5.04524,22.336489,16.3327,12.42,37.716656,14.224252,0.0,0.0,0.0
2035,4.9782521,2.81574,25.847655,15.903979999999999,12.42,42.341955999999996,16.168543,0.0,0.0,0.0
2040,4.9782521,2.4444,29.334631,5.02332,12.42,47.089413,18.102093,0.0,0.0,0.0
2045,4.9782521,2.35704,33.083953,0.6888,12.42,51.594919999999995,20.030403,0.0,0.0,0.0
2050,4.9782521,2.2556,36.0794,0.6888,12.42,56.799848,21.977463,0.0,0.0,0.0
2025,0.0,7.5059,1.3237229,16.3716,12.42,0.2672,9.3115409,0.0,0.0,0.0
2030,7.1871225,5.04524,18.897324,16.3327,12.42,23.217785,17.633875,0.0,0.0,0.0
2035,7.1871225,2.81574,21.863625,15.903979999999999,12.42,27.020147,20.635744,0.0,0.0,0.0
2040,7.3125230000000006,2.4444,25.182038000000002,5.02332,12.42,30.223553,23.204003,0.0,0.0,0.0
2045,7.3125230000000006,2.35704,28.984706,0.6888,12.42,33.53583999999999,25.888126,0.0,0.0,0.0
2050,7.3125230000000006,2.2556,32.446379,0.6888,12.42,37.045775,28.706374,0.0,0.0,0.0
2025,0.0,7.5059,1.4192209,16.3716,12.42,0.2672,9.610646500000001,1.0315982e-09,0.0,0.0
2030,4.099514699999999,5.04524,24.367537,16.3327,12.42,42.937097,14.309555,0.068387598,0.0,0.0
2035,4.099514699999999,2.81574,27.576019,15.903979999999999,12.42,48.553414,16.085738,0.068387598,0.0,0.0
2040,4.099514699999999,2.4444,30.786878,5.02332,12.42,54.191798000000006,17.849471,0.068387598,0.0,0.0
2045,4.099514699999999,2.35704,33.997738,0.6888,12.42,59.830182,19.613205,0.068387598,0.0,0.0
2050,4.099514699999999,2.2556,37.208597999999995,0.6888,12.42,65.468566,21.376938,0.068387598,0.0,0.0
2025,0.0,7.5059,1.0430765,16.3716,12.42,0.2672,8.5562374,0.0,0.0,0.0
2030,4.4081579,5.04524,22.12296,16.3327,12.42,35.969142999999995,15.930686,0.0,0.0,0.0
2035,4.4081579,2.81574,25.091137999999997,15.903979999999999,12.42,40.633034,18.011788,0.0,0.0,0.0
2040,4.4081579,2.4444,28.074845,5.02332,12.42,45.287245000000006,20.092187999999997,0.0,0.0,0.0
2045,4.4081579,2.35704,31.056649,0.6888,12.42,49.949394,22.172391,0.0,0.0,0.0
2050,4.4081579,2.2556,34.052741999999995,0.6888,12.42,54.599413,24.252585,0.0,0.0,0.0
2025,0.0,7.5059,1.1116705999999998,16.3716,12.42,0.2672,8.748848299999999,0.0,0.0,0.0
2030,7.131472,5.04524,19.741117,16.3327,12.42,23.246315,17.920277,0.0,0.0,0.0
2035,7.131472,2.81574,23.661637,15.903979999999999,12.42,29.171427,19.042928,0.0,0.0,0.0
2040,7.131472,2.4444,27.564505,5.02332,12.42,33.848932999999995,20.981597,0.0,0.0,0.0
2045,7.131472,2.35704,30.847474,0.6888,12.42,38.686980000000005,23.382137999999998,0.0,0.0,0.0
2050,7.131472,2.2556,34.085712,0.6888,12.42,43.133547,26.050302,0.0,0.0,0.0
2025,0.0,7.5059,1.3474902,16.3716,12.42,0.2672,8.683624100000001,0.0,0.0,0.0
2030,6.5228041,5.04524,21.169716,16.3327,12.42,31.478330000000003,14.793713,5.0134375000000004e-11,0.0,0.0
2035,6.5228041,2.81574,25.029265,15.903979999999999,12.42,35.965171999999995,16.920692,5.1752091e-11,0.0,0.0
2040,6.5228041,2.4444,28.782149,5.02332,12.42,40.96799,18.814235,5.1873217e-11,0.0,0.0
2045,6.5228041,2.35704,32.234682,0.6888,12.42,48.02753,19.777733,5.1873217e-11,0.0,0.0
2050,6.5228041,2.2556,36.189558,0.6888,12.42,54.142133,20.890127,5.1873217e-11,0.0,0.0
2025,0.0,7.5059,1.5163706,16.3716,12.42,0.2672,8.5456916,0.0,0.0,0.0
2030,5.308161699999999,5.04524,16.57852,16.3327,12.42,28.134767,8.0750145,3.2701795000000002,0.0,0.0
2035,5.5230502999999995,2.81574,19.258636,15.903979999999999,12.42,31.935623,9.4207587,3.5056312,0.0,0.0
2040,6.009331199999999,2.4444,22.241778,5.02332,12.42,36.005069000000006,10.845224,3.5056312,0.0,0.0
2045,6.1492757000000005,2.35704,26.103512,0.6888,12.42,41.187864999999995,12.635795,3.5056312,0.0,0.0
2050,6.1492757000000005,2.2556,30.365495,0.6888,12.42,46.812224,14.554687,3.5056312,0.0,0.0
2025,0.0,7.5059,1.0828726,16.3716,12.42,0.2672,8.8887189,0.0,0.0,0.0
2030,4.65295,5.04524,23.830999,16.3327,12.42,38.89684,14.293784,0.0,0.0,0.0
2035,4.65295,2.81574,26.450868,15.903979999999999,12.42,44.692933,16.347106,0.0,0.0,0.0
2040,4.65295,2.4444,29.708647,5.02332,12.42,49.953148,18.240113,0.0,0.0,0.0
2045,4.65295,2.35704,33.453487,0.6888,12.42,54.804207999999996,20.010716,0.0,0.0,0.0
2050,4.65295,2.2556,37.455203999999995,0.6888,12.42,59.439477,21.716763,0.0,0.0,0.0
2025,0.0,7.5059,1.4777129,16.3716,12.42,0.2672,9.5518036,6.153048300000001e-11,0.0,0.0
2030,4.4715291,5.04524,24.508983,16.3327,12.42,35.959169,15.469268,6.156918400000001e-11,0.0,0.0
2035,4.5275886,2.81574,27.633756,15.903979999999999,12.42,40.472302000000006,17.506555,6.156918400000001e-11,0.0,0.0
2040,4.5275886,2.4444,30.862204000000002,5.02332,12.42,45.133761,19.612722,6.156918400000001e-11,0.0,0.0
2045,4.5275886,2.35704,34.090652,0.6888,12.42,49.79522,21.71889,6.156918400000001e-11,0.0,0.0
2050,4.5275886,2.2556,37.3191,0.6888,12.42,54.456678999999994,23.825057,6.156918400000001e-11,0.0,0.0
2025,0.0,7.5059,1.3572483,16.3716,12.42,0.2672,8.300049999999999,0.0,0.0,0.0
2030,4.6226578,5.04524,23.821900000000003,16.3327,12.42,37.099364,15.720027,0.0,0.0,0.0
2035,4.6226578,2.81574,27.027063,15.903979999999999,12.42,42.045113,17.605348000000003,0.0,0.0,0.0
2040,4.6226578,2.4444,30.576734000000002,5.02332,12.42,47.097093,19.148156999999998,0.0,0.0,0.0
2045,4.6226578,2.35704,34.242021,0.6888,12.42,52.152809,20.678922,0.0,0.0,0.0
2050,4.6226578,2.2556,36.863137,0.6888,12.42,56.904805999999994,23.188938999999998,0.0,0.0,0.0
2025,0.0,7.5059,1.3982838999999998,16.3716,12.42,0.2672,9.041152400000001,0.0,0.0,0.0
2030,3.8736126,5.04524,23.905762,16.3327,12.42,31.257855,18.944542000000002,0.0,0.0,0.0
2035,3.8736126,2.81574,26.84669,15.903979999999999,12.42,35.241957,21.321659,0.0,0.0,0.0
2040,3.8736126,2.4444,29.787968,5.02332,12.42,39.274243999999996,23.675323,0.0,0.0,0.0
2045,3.8736126,2.35704,33.081197,0.6888,12.42,43.116341999999996,25.899831,0.0,0.0,0.0
2050,3.8736126,2.2556,36.220468000000004,0.6888,12.42,47.314786,28.04913,0.0,0.0,0.0
2025,0.0,7.5059,1.5163706,16.3716,12.42,0.2672,8.7648466,1.9663330000000003e-11,0.0,0.0
2030,3.7674678,5.04524,23.155651000000002,16.3327,12.42,34.850546,17.466858,1.9663330000000003e-11,0.0,0.0
2035,3.7674678,2.81574,26.051659,15.903979999999999,12.42,39.184636,19.666956,1.9953766e-11,0.0,0.0
2040,3.7674678,2.4444,28.947658,5.02332,12.42,43.518673,21.867197,2.0423613e-11,0.0,0.0
2045,3.7674678,2.35704,31.843569,0.6888,12.42,47.852104,24.069063,2.0423613e-11,0.0,0.0
2050,3.7674678,2.2556,34.73935899999999,0.6888,12.42,52.18471,26.273142,2.0423613e-11,0.0,0.0
2025,0.0,7.5059,1.3282711,16.3716,12.42,0.2672,9.309514499999999,0.0,0.0,0.0
2030,6.8929986,5.04524,19.113072,16.3327,12.42,26.621225,16.976936000000002,0.013211676,0.0,0.0
2035,7.2502176,2.81574,21.484363000000002,15.903979999999999,12.42,30.083577000000002,19.206329,0.013211677,0.0,0.0
2040,7.2502176,2.4444,24.452891,5.02332,12.42,34.442816,22.018287,0.013211677,0.0,0.0
2045,7.2502176,2.35704,28.872279,0.6888,12.42,37.608538,24.756154,0.013211677,0.0,0.0
2050,7.2502176,2.2556,32.099064999999996,0.6888,12.42,41.75488,27.556058,0.013211677,0.0,0.0
2025,0.0,7.5059,1.4205537,16.3716,12.42,0.2672,9.6080986,0.0,0.0,0.0
2030,4.3030213,5.04524,15.418933,16.3327,12.42,22.467809000000003,8.9287386,4.4177632000000004,0.0,0.0
2035,4.3030213,2.81574,15.402852999999999,15.903979999999999,12.42,25.221369,7.3991147,5.5124239,0.0,0.0
2040,4.3030213,2.4444,16.107054,5.02332,12.42,26.260753,8.1672631,6.4207216,0.0,0.0
2045,4.3030213,2.35704,18.336776,0.6888,12.42,30.025188999999997,8.885255800000001,6.9589982,0.0,0.0
2050,4.457133300000001,2.2556,22.549838,0.6888,12.42,36.137001,10.004046,6.9589982,0.0,0.0
2025,0.0,7.5059,1.0425951,16.3716,12.42,0.2672,8.554094,0.0,0.0,0.0
2030,7.2689191,5.04524,21.607407,16.3327,12.42,24.653513999999998,16.046839,0.0,0.0,0.0
2035,7.2689191,2.81574,24.185311000000002,15.903979999999999,12.42,28.919134,19.251718,0.0,0.0,0.0
2040,7.2689191,2.4444,28.137897000000002,5.02332,12.42,34.110803999999995,20.658088,0.0,0.0,0.0
2045,7.2689191,2.35704,31.490252,0.6888,12.42,38.410654,23.130142,0.0,0.0,0.0
2050,7.2689191,2.2556,34.405428,0.6888,12.42,41.556271,26.660294,0.0,0.0,0.0
2025,0.0,7.5059,1.1048628,16.3716,12.42,0.2672,8.7475988,0.0,0.0,0.0
2030,7.2586389,5.04524,19.132166,16.3327,12.42,18.249265,20.104758,0.0,0.0,0.0
2035,7.3462454,2.81574,21.972457,15.903979999999999,12.42,21.093222,23.257586,0.0,0.0,0.0
2040,7.3669498,2.4444,24.956364,5.02332,12.42,24.118166000000002,26.501099,0.0,0.0,0.0
2045,7.3669498,2.35704,29.386651999999998,0.6888,12.42,27.516185,28.58014,0.0,0.0,0.0
2050,7.3669498,2.2556,32.871147,0.6888,12.42,31.053318,31.357067,0.0,0.0,0.0
2025,0.0,7.5059,1.3488687,16.3716,12.42,0.2672,8.6799467,0.0,0.0,0.0
2030,7.8005455,5.04524,18.363166,16.3327,12.42,22.5762,17.456557,0.0,0.0,0.0
2035,7.8005455,2.81574,20.970899000000003,15.903979999999999,12.42,26.77938,20.832236,5.93478e-11,0.0,0.0
2040,7.8005455,2.4444,24.955667000000002,5.02332,12.42,30.627087,23.337992999999997,8.8764702e-11,0.0,0.0
2045,7.914996199999999,2.35704,28.119935,0.6888,12.42,36.192789,25.174072,8.8764702e-11,0.0,0.0
2050,8.1453276,2.2556,31.088492,0.6888,12.42,41.572072999999996,26.769249,8.8764702e-11,0.0,0.0
2025,0.0,7.5059,1.5176776,16.3716,12.42,0.2672,8.542037899999999,0.0,0.0,0.0
2030,7.3471201,5.04524,19.75665,16.3327,12.42,27.765809,14.877329,1.0268729000000001e-10,0.0,0.0
2035,7.4450673,2.81574,23.823563999999998,15.903979999999999,12.42,31.243557,16.975856,1.0268729000000001e-10,0.0,0.0
2040,7.4450673,2.4444,27.688077,5.02332,12.42,35.301134,19.341501,1.0268729000000001e-10,0.0,0.0
2045,7.4450673,2.35704,31.4058,0.6888,12.42,39.468341,21.75674,1.0268729000000001e-10,0.0,0.0
2050,7.4450673,2.2556,34.808785,0.6888,12.42,43.870608999999995,24.278313999999998,1.0268729000000001e-10,0.0,0.0
2025,0.0,7.5059,1.0760750000000001,16.3716,12.42,0.2672,8.8869512,0.0,0.0,0.0
2030,5.8028513,5.04524,21.030958,16.3327,12.42,26.952227999999998,17.719896000000002,0.0,0.0,0.0
2035,6.010624,2.81574,23.761487000000002,15.903979999999999,12.42,30.421508000000003,19.911047999999997,0.0,0.0,0.0
2040,6.010624,2.4444,27.044201,5.02332,12.42,34.31003,22.295899000000002,0.0,0.0,0.0
2045,6.010624,2.35704,30.547008,0.6888,12.42,38.104178,24.570066999999998,0.0,0.0,0.0
2050,6.010624,2.2556,33.869504,0.6888,12.42,42.013644,26.942978,0.0,0.0,0.0
2025,0.0,7.5059,1.4790323,16.3716,12.42,0.2672,9.5487379,0.0,0.0,0.0
2030,6.7444449,5.04524,22.565617999999997,16.3327,12.42,29.019366,16.172325999999998,0.0,0.0,0.0
2035,6.9344082,2.81574,25.703128,15.903979999999999,12.42,32.971151,18.571227,0.0,0.0,0.0
2040,7.1945546,2.4444,29.252525000000002,5.02332,12.42,36.377339,20.644954000000002,0.0,0.0,0.0
2045,7.389784,2.35704,32.861555,0.6888,12.42,39.999241999999995,22.846795999999998,0.0,0.0,0.0
2050,7.389784,2.2556,36.299701999999996,0.6888,12.42,44.528137,25.565308,0.0,0.0,0.0
2025,0.0,7.5059,1.3586129,16.3716,12.42,0.2672,8.2970458,0.0,0.0,0.0
2030,4.7302311,5.04524,24.485876,16.3327,12.42,40.906487999999996,12.446017,0.0,0.0,0.0
2035,4.7302311,2.81574,27.782526,15.903979999999999,12.42,46.360848,14.101704999999999,0.0,0.0,0.0
2040,4.7302311,2.4444,31.07159,5.02332,12.42,51.787363,15.826412,0.0,0.0,0.0
2045,4.7302311,2.35704,34.364943,0.6888,12.42,57.229623,17.512092,0.0,0.0,0.0
2050,4.7302311,2.2556,37.659553,0.6888,12.42,62.676494,19.186343,0.0,0.0,0.0
2025,0.0,7.5059,1.3996222,16.3716,12.42,0.2672,9.038753,0.0,0.0,0.0
2030,4.1117031,5.04524,24.330754000000002,16.3327,12.42,32.310885,16.978899000000002,0.0,0.0,0.0
2035,4.1117031,2.81574,27.367165,15.903979999999999,12.42,36.48648,19.203519,0.0,0.0,0.0
2040,4.1117031,2.4444,30.418322,5.02332,12.42,40.667887,21.421242,0.0,0.0,0.0
2045,4.1117031,2.35704,33.517496,0.6888,12.42,44.868226,23.616506,0.0,0.0,0.0
2050,4.1117031,2.2556,36.61667,0.6888,12.42,49.068563999999995,25.81177,0.0,0.0,0.0
2025,0.0,7.5059,1.5176776,16.3716,12.42,0.2672,8.7619075,0.0,0.0,0.0
2030,2.7747139,5.04524,25.416031999999998,16.3327,12.42,35.235793,18.843094,0.0,0.0,0.0
2035,2.7747139,2.81574,28.296616999999998,15.903979999999999,12.42,39.402846,21.081932000000002,0.0,0.0,0.0
2040,2.7747139,2.4444,31.177203000000002,5.02332,12.42,43.569900000000004,23.32077,0.0,0.0,0.0
2045,2.7747139,2.35704,34.076589,0.6888,12.42,47.726722,25.553814,0.0,0.0,0.0
2050,2.7747139,2.2556,37.344549,0.6888,12.42,51.642747,27.679941,0.0,0.0,0.0
2025,0.0,7.5059,1.3296427000000002,16.3716,12.42,0.2672,9.3063208,0.0,0.0,0.0
2030,5.7719633,5.04524,22.035181,16.3327,12.42,24.515061000000003,18.84264,0.0,0.0,0.0
2035,5.833588,2.81574,24.955569,15.903979999999999,12.42,28.071377000000002,21.566817,0.0,0.0,0.0
2040,5.833588,2.4444,28.142268,5.02332,12.42,31.660473999999997,24.337790000000002,0.0,0.0,0.0
2045,5.833588,2.35704,31.336843000000002,0.6888,12.42,35.244811,27.106022,0.0,0.0,0.0
2050,5.833588,2.2556,34.529049,0.6888,12.42,38.874387000000006,29.866302,0.0,0.0,0.0
2025,0.0,7.5059,1.418626,16.3716,12.42,0.2672,9.617776099999999,0.0,0.0,0.0
2030,3.3951246,5.04524,13.671808,16.3327,12.42,23.317143,8.9384161,4.989594299999999,0.0,0.0
2035,3.3951246,2.81574,13.728845,15.903979999999999,12.42,25.658476999999998,8.2320831,6.0109927,0.0,0.0
2040,3.3951246,2.4444,14.879759,5.02332,12.42,27.404404,9.2515497,6.7741750000000005,0.0,0.0
2045,3.3951246,2.35704,18.508468,0.6888,12.42,34.302955000000004,10.891860000000001,6.7741750000000005,0.0,0.0
2050,3.3951246,2.2556,22.567526,0.6888,12.42,40.58839,12.53681,6.7741750000000005,0.0,0.0
2025,0.0,7.5059,1.0420751,16.3716,12.42,0.2672,8.5623109,0.0,0.0,0.0
2030,6.0919133,5.04524,22.410459,16.3327,12.42,28.643044999999997,16.580435,0.0,0.0,0.0
2035,6.2833481,2.81574,25.435674,15.903979999999999,12.42,32.572399000000004,18.458385,0.0,0.0,0.0
2040,6.407862199999999,2.4444,28.278913,5.02332,12.42,36.790205,20.791094,0.0,0.0,0.0
2045,6.407862199999999,2.35704,32.403357,0.6888,12.42,40.539311000000005,22.977491,0.0,0.0,0.0
2050,6.407862199999999,2.2556,35.833099000000004,0.6888,12.42,44.775494,25.462975,0.0,0.0,0.0
2025,0.0,7.5059,1.1134785,16.3716,12.42,0.2672,8.754498400000001,0.0,0.0,0.0
2030,6.1214112,5.04524,22.449799,16.3327,12.42,28.524403999999997,17.08199,0.0,0.0,0.0
2035,6.1214112,2.81574,25.562047,15.903979999999999,12.42,32.899474000000005,19.684721,0.0,0.0,0.0
2040,6.1214112,2.4444,29.329986,5.02332,12.42,36.894323,21.955441,0.0,0.0,0.0
2045,6.1214112,2.35704,32.613509,0.6888,12.42,41.170074,24.471446,0.0,0.0,0.0
2050,6.1214112,2.2556,36.280767,0.6888,12.42,45.227332000000004,26.791863000000003,0.0,0.0,0.0
2025,0.0,7.5059,1.3468169,16.3716,12.42,0.2672,8.6913617,0.0,0.0,0.0
2030,3.6856199000000003,5.04524,15.990329,16.3327,12.42,29.960178,8.012001699999999,3.9104034000000003,0.0,0.0
2035,3.6856199000000003,2.81574,16.371136,15.903979999999999,12.42,30.719057,8.1669044,4.9312189,0.0,0.0
2040,3.8563345,2.4444,19.504413,5.02332,12.42,36.421186,9.7960379,4.9312189,0.0,0.0
2045,3.8563345,2.35704,23.00427,0.6888,12.42,42.940142,11.488218999999999,4.9312189,0.0,0.0
2050,3.8563345,2.2556,27.455529,0.6888,12.42,48.355875999999995,13.005282,4.9312189,0.0,0.0
2025,0.0,7.5059,1.5158478,16.3716,12.42,0.2672,8.5518526,0.0,0.0,0.0
2030,5.957167800000001,5.04524,18.818137999999998,16.3327,12.42,30.618779,10.590869000000001,1.8871584000000001,0.0,0.0
2035,6.5510487,2.81574,21.171135999999997,15.903979999999999,12.42,34.373055,12.050065,1.8871584000000001,0.0,0.0
2040,6.7041827000000005,2.4444,24.469912,5.02332,12.42,39.567769,14.046602,1.8871584000000001,0.0,0.0
2045,6.7041827000000005,2.35704,28.099753,0.6888,12.42,45.268434,16.227599,1.8871584000000001,0.0,0.0
2050,6.7041827000000005,2.2556,31.982289,0.6888,12.42,50.71455,18.339419999999997,1.8871584000000001,0.0,0.0
2025,0.0,7.5059,1.0846545,16.3716,12.42,0.2672,8.895078700000001,0.0,0.0,0.0
2030,3.6417066,5.04524,15.933286,16.3327,12.42,30.323335999999998,8.2157187,3.8792737,0.0,0.0
2035,3.6417066,2.81574,16.383844,15.903979999999999,12.42,32.266725,7.1203994,4.8454577,0.0,0.0
2040,3.6417066,2.4444,20.037898000000002,5.02332,12.42,38.705964,8.5790494,4.8454577,0.0,0.0
2045,3.6417066,2.35704,23.282041,0.6888,12.42,45.619456,10.112957,4.8454577,0.0,0.0
2050,3.6417066,2.2556,26.965225,0.6888,12.42,52.024993,11.566259,4.8454577,0.0,0.0
2025,0.0,7.5059,1.4771632,16.3716,12.42,0.2672,9.5584443,0.0,0.0,0.0
2030,5.9255658,5.04524,22.989067,16.3327,12.42,31.923353,16.881703,0.0,0.0,0.0
2035,6.3781699,2.81574,25.475658,15.903979999999999,12.42,35.340281000000004,18.798492999999997,0.0,0.0,0.0
2040,6.3781699,2.4444,28.903467,5.02332,12.42,39.872628,21.375777999999997,0.0,0.0,0.0
2045,6.3781699,2.35704,32.382846,0.6888,12.42,44.367084000000006,23.934742,0.0,0.0,0.0
2050,6.3781699,2.2556,35.76759,0.6888,12.42,48.931071,26.527328,0.0,0.0,0.0
2025,0.0,7.5059,1.356625,16.3716,12.42,0.2672,8.3052923,0.0,0.0,0.0
2030,4.042101,5.04524,24.990382,16.3327,12.42,43.293735999999996,13.196071,0.0,0.0,0.0
2035,4.042101,2.81574,28.199294000000002,15.903979999999999,12.42,48.833571000000006,14.878564,0.0,0.0,0.0
2040,4.042101,2.4444,31.408205000000002,5.02332,12.42,54.373405,16.561057,0.0,0.0,0.0
2045,4.042101,2.35704,34.617117,0.6888,12.42,59.913239999999995,18.24355,0.0,0.0,0.0
2050,4.042101,2.2556,37.826029000000005,0.6888,12.42,65.453074,19.926042000000002,0.0,0.0,0.0
2025,0.0,7.5059,1.397675,16.3716,12.42,0.2672,9.047741400000001,0.0,0.0,0.0
2030,3.1749985,5.04524,24.794052,16.3327,12.42,35.067778,17.78998,0.0,0.0,0.0
2035,3.1749985,2.81574,27.706373,15.903979999999999,12.42,39.22693099999999,19.938696,0.0,0.0,0.0
2040,3.1749985,2.4444,30.651066,5.02332,12.42,43.376758,22.083076000000002,0.0,0.0,0.0
2045,3.1749985,2.35704,33.623502,0.6888,12.42,47.51847,24.223833,0.0,0.0,0.0
2050,3.1749985,2.2556,36.594457999999996,0.6888,12.42,51.675174,26.363361,0.0,0.0,0.0
2025,0.0,7.5059,1.5158478,16.3716,12.42,0.2672,8.771258,0.0,0.0,0.0
2030,5.5990104,5.04524,20.170305,16.3327,12.42,28.016311,18.651988000000003,0.0,0.0,0.0
2035,5.5990104,2.81574,22.996404,15.903979999999999,12.42,31.77779,21.60938,0.0,0.0,0.0
2040,5.5990104,2.4444,26.031596,5.02332,12.42,37.061534,23.432702000000003,0.0,0.0,0.0
2045,5.5990104,2.35704,29.683075000000002,0.6888,12.42,41.392656,25.366755,0.0,0.0,0.0
2050,5.5990104,2.2556,33.168968,0.6888,12.42,46.419343,26.993153,0.0,0.0,0.0
2025,0.0,7.5059,1.3276042,16.3716,12.42,0.2672,9.316646800000001,0.0,0.0,0.0
2030,6.465702100000001,5.04524,21.291766,16.3327,12.42,29.676311000000002,16.241856,0.01927185,0.0,0.0
2035,6.465702100000001,2.81574,24.668414000000002,15.903979999999999,12.42,34.076494,18.783901999999998,0.01927185,0.0,0.0
2040,6.465702100000001,2.4444,28.263080000000002,5.02332,12.42,38.318551,21.254578000000002,0.01927185,0.0,0.0
2045,6.465702100000001,2.35704,31.650723000000003,0.6888,12.42,42.710758999999996,23.793025,0.01927185,0.0,0.0
2050,6.465702100000001,2.2556,34.910119,0.6888,12.42,47.229756,26.366862,0.01927185,0.0,0.0
2025,0.0,7.5059,1.4152448,16.3716,12.42,0.2672,9.6231232,0.0,0.0,0.0
2030,4.8987921,5.04524,23.083535,16.3327,12.42,35.430606,14.18708,0.50488373,0.0,0.0
2035,4.8987921,2.81574,26.001209,15.903979999999999,12.42,41.011672,16.386611000000002,0.50488373,0.0,0.0
2040,4.8987921,2.4444,29.43294,5.02332,12.42,46.149864,18.441616999999997,0.50488373,0.0,0.0
2045,4.8987921,2.35704,32.746641,0.6888,12.42,51.389742,20.529806,0.50488373,0.0,0.0
2050,4.8987921,2.2556,35.984682,0.6888,12.42,56.694802,22.639266,0.50488373,0.0,0.0
2025,0.0,7.5059,1.0423896,16.3716,12.42,0.2672,8.5662477,0.0,0.0,0.0
2030,4.4965405,5.04524,22.772865000000003,16.3327,12.42,38.69386,14.901137,6.0279204e-11,0.0,0.0
2035,4.4965405,2.81574,25.212761999999998,15.903979999999999,12.42,44.325148,16.894837,6.0279204e-11,0.0,0.0
2040,4.4965405,2.4444,28.636435000000002,5.02332,12.42,49.076001,18.822653,6.0279204e-11,0.0,0.0
2045,4.4965405,2.35704,31.855007,0.6888,12.42,54.011119,20.764537,6.0279204e-11,0.0,0.0
2050,4.4965405,2.2556,34.88505,0.6888,12.42,59.115379999999995,22.719889,6.0279204e-11,0.0,0.0
2025,0.0,7.5059,1.1043797,16.3716,12.42,0.2672,8.7609059,0.0,0.0,0.0
2030,5.9249951,5.04524,20.411956999999997,16.3327,12.42,28.175642,18.557496999999998,0.0,0.0,0.0
2035,6.237062,2.81574,22.717769,15.903979999999999,12.42,31.631189,20.83963,0.0,0.0,0.0
2040,6.237062,2.4444,25.497321,5.02332,12.42,35.848533,23.623298,0.0,0.0,0.0
2045,6.237062,2.35704,28.274216,0.6888,12.42,40.069442,26.407653,0.0,0.0,0.0
2050,6.237062,2.2556,31.049865,0.6888,12.42,44.290387,29.192919000000003,0.0,0.0,0.0
2025,0.0,7.5059,1.3434062,16.3716,12.42,0.2672,8.6956587,1.7044574e-12,0.0,0.0
2030,3.6937797,5.04524,24.189707,16.3327,12.42,41.812881000000004,15.00682,5.2979465e-11,0.0,0.0
2035,3.6937797,2.81574,27.225094000000002,15.903979999999999,12.42,46.993209,16.875089,6.348887e-11,0.0,0.0
2040,3.6937797,2.4444,30.268599,5.02332,12.42,52.170021,18.739612,6.348887e-11,0.0,0.0
2045,3.6937797,2.35704,33.462185,0.6888,12.42,57.413569,20.452151999999998,6.348887e-11,0.0,0.0
2050,3.6937797,2.2556,36.948139000000005,0.6888,12.42,62.759724,21.885829,6.348887e-11,0.0,0.0
2025,0.0,7.5059,1.5125206,16.3716,12.42,0.2672,8.556916800000002,0.0,0.0,0.0
2030,7.856865,5.04524,18.946482,16.3327,12.42,28.535512999999998,13.177433,0.44561909000000005,0.0,0.0
2035,7.98275,2.81574,22.417534,15.903979999999999,12.42,33.041625,15.514007,0.44561909000000005,0.0,0.0
2040,8.0682539,2.4444,26.507934000000002,5.02332,12.42,37.238324999999996,17.714409,0.44561909000000005,0.0,0.0
2045,8.0682539,2.35704,30.095247,0.6888,12.42,42.351084,20.273469000000002,0.44561909000000005,0.0,0.0
2050,8.2538088,2.2556,33.639716,0.6888,12.42,46.631414,22.438057,0.44561909000000005,0.0,0.0
2025,0.0,7.5059,1.0755396000000002,16.3716,12.42,0.2672,8.9011694,0.0,0.0,0.0
2030,3.3896696000000004,5.04524,25.464216,16.3327,12.42,40.234602,15.690503000000001,0.0,0.0,0.0
2035,3.3896696000000004,2.81574,28.605609,15.903979999999999,12.42,45.094313,17.613999,0.0,0.0,0.0
2040,3.3896696000000004,2.4444,31.747002000000002,5.02332,12.42,49.954024,19.537495,0.0,0.0,0.0
2045,3.3896696000000004,2.35704,34.998543,0.6888,12.42,54.730601,21.433142,0.0,0.0,0.0
2050,3.3896696000000004,2.2556,38.200659,0.6888,12.42,59.55056,23.340167,0.0,0.0,0.0
2025,0.0,7.5059,1.4738147,16.3716,12.42,0.2672,9.5637191,1.0941556e-12,0.0,0.0
2030,6.3112498,5.04524,21.529288,16.3327,12.42,30.575029999999998,16.600191,0.15410314,0.0,0.0
2035,6.7745165,2.81574,24.046787000000002,15.903979999999999,12.42,33.902913,18.549836,0.15410314,0.0,0.0
2040,6.7745165,2.4444,28.586648,5.02332,12.42,37.62056,20.803642,0.15410314,0.0,0.0
2045,6.7745165,2.35704,32.314928,0.6888,12.42,41.936859,23.353631,0.15410314,0.0,0.0
2050,6.7745165,2.2556,35.791754,0.6888,12.42,46.43864,25.995386,0.15410314,0.0,0.0
2025,0.0,7.5059,1.353201,16.3716,12.42,0.2672,8.3103439,0.0,0.0,0.0
2030,4.3588041,5.04524,25.069136,16.3327,12.42,41.528767,13.60458,0.0,0.0,0.0
2035,4.3588041,2.81574,28.379291000000002,15.903979999999999,12.42,46.99566,15.285495999999998,0.0,0.0,0.0
2040,4.3588041,2.4444,32.008264,5.02332,12.42,52.21997,16.842054,0.0,0.0,0.0
2045,4.3588041,2.35704,35.314171,0.6888,12.42,57.697292000000004,18.525966,0.0,0.0,0.0
2050,4.3588041,2.2556,38.620414,0.6888,12.42,63.177584,20.203522,0.0,0.0,0.0
2025,0.0,7.5059,1.3942697000000002,16.3716,12.42,0.2672,9.053728600000001,0.0,0.0,0.0
2030,4.0557688,5.04524,23.475984,16.3327,12.42,38.043712,16.465935,0.0,0.0,0.0
2035,4.0557688,2.81574,26.145604,15.903979999999999,12.42,43.119727,18.560722000000002,0.0,0.0,0.0
2040,4.0557688,2.4444,29.140276,5.02332,12.42,47.860527000000005,20.677969,0.0,0.0,0.0
2045,4.0557688,2.35704,32.421727,0.6888,12.42,52.305279,22.815486,0.0,0.0,0.0
2050,4.0557688,2.2556,34.984010999999995,0.6888,12.42,57.490468,24.905116000000003,0.0,0.0,0.0
2025,0.0,7.5059,1.5125206,16.3716,12.42,0.2672,8.77602,0.0,0.0,0.0
2030,3.8727399,5.04524,22.742552,16.3327,12.42,34.249739,18.31692,0.0,0.0,0.0
2035,3.8727399,2.81574,25.528254,15.903979999999999,12.42,38.619869,20.64173,4.2699473e-11,0.0,0.0
2040,3.8727399,2.4444,28.313955,5.02332,12.42,42.988605,22.968365000000002,4.2699473e-11,0.0,0.0
2045,3.8727399,2.35704,31.664384,0.6888,12.42,46.865957,25.256921,4.2699473e-11,0.0,0.0
2050,3.8727399,2.2556,35.67908,0.6888,12.42,50.171589999999995,27.49952,4.2699473e-11,0.0,0.0
2025,0.0,7.5059,1.3241628,16.3716,12.42,0.2672,9.3223041,0.0,0.0,0.0
2030,6.655853199999999,5.04524,18.144876,16.3327,12.42,24.955510999999998,15.331254999999999,0.92749658,0.0,0.0
2035,6.6960371,2.81574,21.35419,15.903979999999999,12.42,29.336243999999997,18.034828,0.92749658,0.0,0.0
2040,6.6960371,2.4444,25.054728,5.02332,12.42,33.514827,20.647918,0.92749658,0.0,0.0
2045,6.6960371,2.35704,28.960161,0.6888,12.42,37.530573,23.200657,0.92749658,0.0,0.0
2050,6.6960371,2.2556,32.865164,0.6888,12.42,41.545041,25.757278999999997,0.92749658,0.0,0.0
2025,0.0,7.5059,1.4233996,16.3716,12.42,0.2672,9.6185454,0.0,0.0,0.0
2030,3.1790721,5.04524,13.433069,16.3327,12.42,22.018029,8.9391854,5.115592400000001,0.0,0.0
2035,3.1790721,2.81574,13.991352999999998,15.903979999999999,12.42,24.371345,8.6622628,6.0148578,0.0,0.0
2040,3.1790721,2.4444,16.273032,5.02332,12.42,28.201582,10.140393,6.4138614,0.0,0.0
2045,3.1790721,2.35704,20.532269,0.6888,12.42,34.006167999999995,11.653756,6.4138614,0.0,0.0
2050,3.3951255999999996,2.2556,23.604214,0.6888,12.42,40.018921999999996,12.961364999999999,6.4138614,0.0,0.0
2025,0.0,7.5059,1.0419268,16.3716,12.42,0.2672,8.564208800000001,0.0,0.0,0.0
2030,5.8632292999999995,5.04524,22.715035,16.3327,12.42,28.748856,15.956068,0.0,0.0,0.0
2035,5.8632292999999995,2.81574,25.141466,15.903979999999999,12.42,32.627865,19.133197,0.0,0.0,0.0
2040,5.8632292999999995,2.4444,27.649549,5.02332,12.42,35.581208,22.821316,0.0,0.0,0.0
2045,5.8632292999999995,2.35704,30.947225999999997,0.6888,12.42,38.791543,25.76527,0.0,0.0,0.0
2050,5.8632292999999995,2.2556,33.869873,0.6888,12.42,43.005943,28.454657,0.0,0.0,0.0
2025,0.0,7.5059,1.1064469,16.3716,12.42,0.2672,8.7573709,0.0,0.0,0.0
2030,6.2998536000000005,5.04524,22.176568,16.3327,12.42,27.716044999999998,18.364361000000002,0.0,0.0,0.0
2035,6.2998536000000005,2.81574,25.706729,15.903979999999999,12.42,33.971092,19.502284,0.0,0.0,0.0
2040,6.2998536000000005,2.4444,30.036739,5.02332,12.42,38.640277999999995,21.051271,0.0,0.0,0.0
2045,6.2998536000000005,2.35704,33.580943,0.6888,12.42,44.286812,22.620198000000002,0.0,0.0,0.0
2050,6.2998536000000005,2.2556,37.282277,0.6888,12.42,49.399051,24.428573,0.0,0.0,0.0
2025,0.0,7.5059,1.3516352999999999,16.3716,12.42,0.2672,8.6894598,0.0,0.0,0.0
2030,3.1711046,5.04524,25.399551,16.3327,12.42,45.386644999999994,13.683573,0.0,0.0,0.0
2035,3.1711046,2.81574,28.427784,15.903979999999999,12.42,50.918735999999996,15.307437,0.0,0.0,0.0
2040,3.1711046,2.4444,31.505729,5.02332,12.42,56.462992,16.895877,0.0,0.0,0.0
2045,3.1711046,2.35704,34.579232000000005,0.6888,12.42,61.997481,18.512758,0.0,0.0,0.0
2050,3.1711046,2.2556,38.054031,0.6888,12.42,67.19219500000001,20.038968,0.0,0.0,0.0
2025,0.0,7.5059,1.5206291,16.3716,12.42,0.2672,8.551607299999999,0.0,0.0,0.0
2030,7.2514445,5.04524,20.745357,16.3327,12.42,27.596936000000003,15.564867,1.2822681000000002e-09,0.0,0.0
2035,7.7391728,2.81574,22.979131000000002,15.903979999999999,12.42,30.917368,17.562163,1.2825836999999999e-09,0.0,0.0
2040,8.0512475,2.4444,26.120542,5.02332,12.42,34.307553,19.618689,1.2829231e-09,0.0,0.0
2045,8.0512475,2.35704,29.299456,0.6888,12.42,38.907371,22.352100999999998,1.2829231e-09,0.0,0.0
2050,8.0512475,2.2556,33.8215,0.6888,12.42,42.486392,24.625168000000002,1.2829231e-09,0.0,0.0
2025,0.0,7.5059,1.0776236,16.3716,12.42,0.2672,8.8971582,0.0,0.0,0.0
2030,4.9645375000000005,5.04524,22.699081,16.3327,12.42,37.705303,15.951270000000001,0.0,0.0,0.0
2035,4.9645375000000005,2.81574,25.403107,15.903979999999999,12.42,42.927437,18.196392,0.0,0.0,0.0
2040,4.9645375000000005,2.4444,28.469172999999998,5.02332,12.42,48.236169000000004,20.220471,0.0,0.0,0.0
2045,4.9645375000000005,2.35704,32.05117,0.6888,12.42,53.765293,21.689343,0.0,0.0,0.0
2050,4.9645375000000005,2.2556,35.712263,0.6888,12.42,59.326752,23.073494999999998,0.0,0.0,0.0
2025,0.0,7.5059,1.4819403,16.3716,12.42,0.2672,9.5594924,1.0165836e-12,0.0,0.0
2030,3.6570880999999997,5.04524,16.33764,16.3327,12.42,26.629611,10.025512,3.8436371,0.0,0.0
2035,3.9350174,2.81574,19.212183,15.903979999999999,12.42,31.36529,11.787762,3.8436371,0.0,0.0
2040,3.9350174,2.4444,22.449644,5.02332,12.42,38.716901,12.721247,3.8436371,0.0,0.0
2045,3.9350174,2.35704,26.447582999999998,0.6888,12.42,43.837659,14.799513999999999,3.8436371,0.0,0.0
2050,3.9350174,2.2556,30.227897000000002,0.6888,12.42,50.01991,16.219997,3.8436371,0.0,0.0
2025,0.0,7.5059,1.3613924,16.3716,12.42,0.2672,8.3060185,0.0,0.0,0.0
2030,5.6149559,5.04524,15.800911,16.3327,12.42,23.045764,11.699791,2.8918621,0.0,0.0
2035,5.6149559,2.81574,19.536419000000002,15.903979999999999,12.42,29.990420999999998,12.475731,2.8918621,0.0,0.0
2040,5.6149559,2.4444,23.159637999999998,5.02332,12.42,36.515544,13.803511,2.8918621,0.0,0.0
2045,5.6149559,2.35704,27.954704000000003,0.6888,12.42,39.409866,17.081896,2.8918621,0.0,0.0
2050,5.6149559,2.2556,31.340093,0.6888,12.42,46.515466,18.2796,2.8918621,0.0,0.0
2025,0.0,7.5059,1.4024344000000002,16.3716,12.42,0.2672,9.049423899999999,0.0,0.0,0.0
2030,6.2974327,5.04524,22.361314,16.3327,12.42,28.325812999999997,16.471122,0.30483017,0.0,0.0
2035,6.2974327,2.81574,25.895103,15.903979999999999,12.42,34.821994,17.63088,0.30483017,0.0,0.0
2040,6.2974327,2.4444,29.839689999999997,5.02332,12.42,40.789483999999995,18.782034,0.30483017,0.0,0.0
2045,6.2974327,2.35704,33.212591999999994,0.6888,12.42,47.368610999999994,20.054164,0.30483017,0.0,0.0
2050,6.2974327,2.2556,37.565675999999996,0.6888,12.42,52.405262,21.484592,0.30483017,0.0,0.0
2025,0.0,7.5059,1.5206291,16.3716,12.42,0.2672,8.7711929,0.0,0.0,0.0
2030,4.642456,5.04524,22.426547,16.3327,12.42,32.042047,18.346961999999998,0.0,0.0,0.0
2035,4.642456,2.81574,25.311812000000003,15.903979999999999,12.42,36.402142999999995,20.815968,0.0,0.0,0.0
2040,4.642456,2.4444,28.29557,5.02332,12.42,40.696725,23.248099,0.0,0.0,0.0
2045,4.642456,2.35704,31.316674,0.6888,12.42,44.966465,25.666245999999997,0.0,0.0,0.0
2050,4.642456,2.2556,34.715012,0.6888,12.42,48.978860999999995,27.954832999999997,0.0,0.0,0.0
2025,0.0,7.5059,1.3323911000000002,16.3716,12.42,0.2672,9.316374,0.0,0.0,0.0
2030,6.4952601,5.04524,21.706487000000003,16.3327,12.42,26.40734,17.680225,0.0,0.0,0.0
2035,6.4952601,2.81574,25.507654,15.903979999999999,12.42,30.619658,19.884419,0.0,0.0,0.0
2040,6.4952601,2.4444,28.818762,5.02332,12.42,34.709182999999996,22.627330999999998,0.0,0.0,0.0
2045,6.4952601,2.35704,32.452462,0.6888,12.42,38.552947999999994,25.260360000000002,0.0,0.0,0.0
2050,6.4952601,2.2556,35.844262,0.6888,12.42,42.704515,27.954983,0.0,0.0,0.0
2025,0.0,7.5059,0.7748882,16.3716,12.42,0.2672,6.29482,0.0,0.0,0.0
2030,1.6017754,5.04524,22.832196,16.3327,12.42,37.965299,16.659221000000002,0.0,0.0,0.0
2035,1.6017754,2.81574,25.443894,15.903979999999999,12.42,42.049011,18.444681,0.0,0.0,0.0
2040,1.6017754,2.4444,28.055512999999998,5.02332,12.42,46.132512999999996,20.230437000000002,0.0,0.0,0.0
2045,1.6017754,2.35704,30.664862,0.6888,12.42,50.209964,22.024746,0.0,0.0,0.0
2050,1.6017754,2.2556,33.262879,0.6888,12.42,54.257199,23.861754,0.0,0.0,0.0
