year,Objective_Value
2050,131746.40386879482
2050,131503.6953250709
2050,131311.15396078536
2050,131375.31524003242
2050,131828.54827490807
2050,131115.17640176392
2050,132733.54577029892
2050,132113.3609705233
2050,132031.23753174386
2050,131647.17571999974
2050,132070.63412808755
2050,132180.4621232183
2050,131539.56962286757
2050,131621.34704933385
2050,131711.82538325497
2050,132130.43655486658
2050,131746.06893787594
2050,133309.57566560534
2050,132515.252456044
2050,132580.01953068655
2050,131642.52452485086
2050,132475.8898668924
2050,132297.82076513197
2050,131438.20548819765
2050,131252.0177521549
2050,131550.49086597693
2050,132075.50522616968
2050,131451.12745491744
2050,132117.6679645264
2050,131285.72152353177
2050,131792.7010998634
2050,131514.70747212172
2050,132287.0595097873
2050,132231.74137097696
2050,131511.53347456944
2050,131261.86432157177
2050,131293.5111087012
2050,131843.77834931677
2050,131050.1761854097
2050,132455.93439962156
2050,131418.11241459515
2050,131698.74077447128
2050,131777.6494646095
2050,132247.77533382503
2050,133096.80488272035
2050,131611.10635882244
2050,132104.15761873496
2050,132517.52673484167
2050,132271.81385818467
2050,132124.03878793857
2050,133031.78674223117
2050,132202.16411798028
2050,132589.01460542675
2050,132674.0960164447
2050,132778.75250983558
2050,132540.74680740188
2050,131960.3062038818
2050,131731.98658849337
2050,131596.54342055257
2050,131825.53673053483
2050,130982.24275697973
2050,132353.15369341252
2050,131522.2785713443
2050,132461.1524938104
2050,132522.34297828202
2050,132271.21540220946
2050,132139.74922192917
2050,131098.6991970644
2050,131712.3176538934
2050,131959.2480583625
2050,132620.69170179585
2050,131628.48455172477
2050,132372.9033765261
2050,131521.11184815224
2050,131785.28765963286
2050,131622.8191664301
2050,132083.3857005446
2050,132537.188122775
2050,131124.77575026423
2050,131191.0285429719
2050,131758.09664106625
2050,131856.7987918067
2050,131087.6180224242
2050,132627.1407148667
2050,131772.15628500635
2050,132021.05302180914
2050,131681.97452107785
2050,131999.36317586634
2050,132585.47187623612
2050,131390.9361392546
2050,131948.12159012968
2050,132638.77281960592
2050,132520.5981838429
2050,132473.5001860116
2050,132618.9363025888
2050,131424.84687573317
2050,131639.77430809912
2050,131548.87695925083
2050,132393.50142815805
2050,132050.3919259037
2050,131663.53809664393
2050,131715.48331302393
2050,131905.10430157458
2050,132136.71872165205
2050,131691.32675031872
2050,132544.74912500894
2050,131794.07156079877
2050,132260.46468221594
2050,131701.62836815347
2050,132501.16701410772
2050,132603.0534944976
2050,131266.52543697626
2050,132004.4462049585
2050,131827.4124381277
2050,132175.0541020845
2050,132192.28817659573
2050,132966.43213018682
2050,132069.26155822
2050,132668.70111826633
2050,132237.76694183343
2050,132482.04184047994
2050,127976.36003250397
